-- phpMyAdmin SQL Dump
-- version 4.0.4
-- http://www.phpmyadmin.net
--
-- Client: localhost
-- Généré le: Jeu 13 Novembre 2014 à 09:47
-- Version du serveur: 5.6.12-log
-- Version de PHP: 5.4.16

SET SQL_MODE = "NO_AUTO_VALUE_ON_ZERO";
SET time_zone = "+00:00";


/*!40101 SET @OLD_CHARACTER_SET_CLIENT=@@CHARACTER_SET_CLIENT */;
/*!40101 SET @OLD_CHARACTER_SET_RESULTS=@@CHARACTER_SET_RESULTS */;
/*!40101 SET @OLD_COLLATION_CONNECTION=@@COLLATION_CONNECTION */;
/*!40101 SET NAMES utf8 */;

--
-- Base de données: `lib`
--
CREATE DATABASE IF NOT EXISTS `lib` DEFAULT CHARACTER SET utf8 COLLATE utf8_general_ci;
USE `lib`;

-- --------------------------------------------------------

--
-- Structure de la table `articles`
--

CREATE TABLE IF NOT EXISTS `articles` (
  `id_produits` int(11) NOT NULL AUTO_INCREMENT,
  `nom` varchar(100) NOT NULL,
  `user_name` varchar(100) NOT NULL,
  `auteur` varchar(100) NOT NULL,
  `img` varchar(150) NOT NULL,
  `fr` varchar(150) NOT NULL,
  `en` varchar(150) NOT NULL,
  `es` varchar(150) NOT NULL,
  `fr1` text NOT NULL,
  `en1` text NOT NULL,
  `es1` text NOT NULL,
  `taille` varchar(15) NOT NULL,
  `materiaux` varchar(20) NOT NULL,
  `autre` varchar(20) NOT NULL,
  `prix` int(6) NOT NULL,
  `stock` int(11) NOT NULL DEFAULT '1',
  `vendus` int(11) NOT NULL DEFAULT '0',
  `actif` tinyint(1) NOT NULL DEFAULT '1',
  `code` varchar(50) NOT NULL,
  PRIMARY KEY (`id_produits`)
) ENGINE=InnoDB  DEFAULT CHARSET=utf8 AUTO_INCREMENT=147 ;

--
-- Contenu de la table `articles`
--

INSERT INTO `articles` (`id_produits`, `nom`, `user_name`, `auteur`, `img`, `fr`, `en`, `es`, `fr1`, `en1`, `es1`, `taille`, `materiaux`, `autre`, `prix`, `stock`, `vendus`, `actif`, `code`) VALUES
(1, 'tableau/icone', 'objet', '', 'notre-dame-de-toutes-graces', '<strong>Notre Dame de toutes Grâces</strong>', '', '', 'Nous avons 4 tailles différentes pour les icône religieuse.<br/>Veuillez faire le choix entre <ul><li>5cm/10cm</li><li>20cm/25cm</li><li>30cm/40cm</li><li>50cm/70cm</li></ul>dans le menu déroulant ci-avant:', '', '', '5cm/10cm', '', '', 1500, 15, 15, 1, ''),
(2, 'tableau/icone', 'objet', '', 'notre-dame-de-medjugorje', '<strong>Notre Dame de Medjugorje</strong>', '', '', '', '', '', '5cm/10cm', '', '', 1500, 10, 0, 1, ''),
(3, 'tableau/icone', 'objet', '', 'notre-dame-de-garabandal', '<strong>Notre Dame de Guadeloupe</strong>', '', '', '', '', '', '5cm/10cm', '', '', 1500, 10, 0, 1, ''),
(4, 'tableau/icone', 'objet', '', 'notre-dame-de-la-compassion', '<strong>Notre Dame de la Compassion</strong>', '', '', '', '', '', '5cm/10cm', '', '', 1500, 10, 0, 1, ''),
(5, 'tableau/icone', 'objet', '', 'notre-dame-de-la-guadeloupe', '<strong>Notre Dame de la Guadeloupe</strong>', '', '', '', '', '', '5cm/10cm', '', '', 1500, 10, 1, 1, ''),
(6, 'tableau/icone', 'objet', '', 'notre-dame-de-la-tendresse', '<strong>Notre Dame de la Tendresse</strong>', '', '', '', '', '', '5cm/10cm', '', '', 1500, 10, 3, 1, ''),
(7, 'tableau/icone', 'objet', '', 'notre-dame-de-la-tendresse-1', '<strong>Notre Dame de la Tendresse</strong>', '', '', '', '', '', '5cm/10cm', '', '', 1500, 10, 0, 1, ''),
(8, 'tableau/icone', 'objet', '', 'notre-dame-du-perpetuel-secours', '<strong>Notre Dame du perpétuel secours</strong>', '', '', '', '', '', '5cm/10cm', '', '', 1500, 10, 0, 1, ''),
(9, 'tableau/icone', 'objet', '', 'notre-dame-du-perpetuel-secours-dore', '<strong>Notre Dame du perpétuel secours</strong> doré', '', '', '', '', '', '5cm/10cm', '', '', 1500, 10, 0, 1, ''),
(10, 'tableau/icone', 'objet', '', 'la-vierge-et-enfant', 'La <strong>Vierge</strong> et l''enfant', '', '', '', '', '', '5cm/10cm', '', '', 1500, 10, 0, 1, ''),
(11, 'tableau/icone', 'objet', '', 'la-vierge-noire-et-enfant', 'La <strong>Vierge Noire</strong> et l''enfant', '', '', '', '', '', '5cm/10cm', '', '', 1500, 10, 0, 1, ''),
(12, 'tableau/icone', 'objet', '', 'notre-dame-fatima', '<strong>Notre Dame de Fatima</strong>', '', '', '', '', '', '5cm/10cm', '', '', 1500, 10, 0, 1, ''),
(13, 'tableau/icone', 'objet', '', 'notre-dame-du-bon-conseil', '<strong>Notre Dame du bon conseil</strong>', '', '', '', '', '', '5cm/10cm', '', '', 1500, 10, 0, 1, ''),
(14, 'tableau/icone', 'objet', '', 'coeur-sacre-de-jesus', '<strong>Coeur Sacré de Jésus</strong>', '', '', '', '', '', '5cm/10cm', '', '', 1500, 10, 0, 1, ''),
(15, 'tableau/icone', 'objet', '', 'coeur-sacre-de-jesus-1', '<strong>Coeur Sacré de Jésus</strong>', '', '', '', '', '', '5cm/10cm', '', '', 1500, 10, 0, 1, ''),
(16, 'tableau/icone', 'objet', '', 'coeur-sacre-de-jesus-2', '<strong>Coeur Sacré de Jésus</strong>', '', '', '', '', '', '5cm/10cm', '', '', 1500, 10, 0, 1, ''),
(17, 'tableau/icone', 'objet', '', 'jesus-en-meditation', '<strong>Jésus en méditation</strong>', '', '', '', '', '', '5cm/10cm', '', '', 1500, 10, 0, 1, ''),
(18, 'tableau/icone', 'objet', '', 'jesus-ressuscite', '<strong>Jésus réssuscité</strong>', '', '', '', '', '', '5cm/10cm', '', '', 1500, 10, 0, 1, ''),
(19, 'tableau/icone', 'objet', '', 'jesus-misericordieux', '<strong>Jésus miséricordieux</strong>', '', '', '', '', '', '5cm/10cm', '', '', 1500, 10, 0, 1, ''),
(20, 'tableau/icone', 'objet', '', 'visage-jesus-misericordieux', 'Visage de <strong>Jésus miséricordieux</strong>', '', '', '', '', '', '5cm/10cm', '', '', 1500, 10, 0, 1, ''),
(21, 'tableau/icone', 'objet', '', 'jesus-crucifie', '<strong>Jésus</strong> Crucifié', '', '', '', '', '', '5cm/10cm', '', '', 1500, 10, 0, 1, ''),
(22, 'tableau/icone', 'objet', '', 'jesus-crucifie-1', '<strong>Jésus Crucifié</strong>', '', '', '', '', '', '5cm/10cm', '', '', 1500, 10, 0, 1, ''),
(23, 'tableau/icone', 'objet', '', 'jesus-crucifie-2', '<strong>Jésus Crucifié</strong>', '', '', '', '', '', '5cm/10cm', '', '', 1500, 10, 0, 1, ''),
(24, 'tableau/icone', 'objet', '', 'jesus-enseigne', '<strong>Jésus</strong> enseigne', '', '', '', '', '', '5cm/10cm', '', '', 1500, 10, 0, 1, ''),
(25, 'tableau/icone', 'objet', '', 'jesus-enseigne-1', '<strong>Jésus enseigne</strong>', '', '', '', '', '', '5cm/10cm', '', '', 1500, 10, 0, 1, ''),
(26, 'tableau/icone', 'objet', '', 'jesus-enseigne-2', '<strong>Jésus enseigne</strong>', '', '', '', '', '', '5cm/10cm', '', '', 1500, 10, 0, 1, ''),
(27, 'tableau/icone', 'objet', '', 'jesus-epine', '<strong>Jésus épine</strong>', '', '', '', '', '', '5cm/10cm', '', '', 1500, 10, 0, 1, ''),
(28, 'tableau/icone', 'objet', '', 'jesus-eucharistie', '<strong>Jésus Eucharistie</strong>', '', '', '', '', '', '5cm/10cm', '', '', 1500, 10, 0, 1, ''),
(29, 'tableau/icone', 'objet', '', 'sainte-face', '<strong>La Sainte Face</strong>', '', '', '', '', '', '5cm/10cm', '', '', 1500, 10, 0, 1, ''),
(30, 'tableau/icone', 'objet', '', 'saint-sacrement', '<strong>Saint Sacrement</strong>', '', '', '', '', '', '5cm/10cm', '', '', 1500, 10, 0, 1, ''),
(31, 'tableau/icone', 'objet', '', 'sainte-famille', 'La <strong>Sainte Famille</strong>', '', '', '', '', '', '5cm/10cm', '', '', 1500, 10, 0, 1, ''),
(32, 'tableau/icone', 'objet', '', 'sainte-famille-1', 'La <strong>Sainte</strong> Famille', '', '', '', '', '', '5cm/10cm', '', '', 1500, 10, 0, 1, ''),
(33, 'tableau/icone', 'objet', '', 'sainte-famille-2', '<strong>La Sainte Famille</strong>', '', '', '', '', '', '5cm/10cm', '', '', 1500, 10, 0, 1, ''),
(34, 'tableau/icone', 'objet', '', 'sainte-cene', 'La <strong>Sainte Cène</strong>', '', '', '', '', '', '5cm/10cm', '', '', 1500, 10, 0, 1, ''),
(35, 'tableau/icone', 'objet', '', 'saint-michel-archange', '<strong>Saint Michel Archange</strong>', '', '', '', '', '', '5cm/10cm', '', '', 1500, 10, 0, 1, ''),
(36, 'tableau/icone', 'objet', '', 'saint-gabriel-archange', '<strong>Ange</strong> de la musique', '', '', '', '', '', '5cm/10cm', '', '', 1500, 10, 0, 1, ''),
(37, 'tableau/icone', 'objet', '', 'sainte-trinite', '<strong>Sainte Trinité</strong>', '', '', '', '', '', '5cm/10cm', '', '', 1500, 10, 0, 1, ''),
(38, 'tableau/icone', 'objet', '', 'saint-antoine', '<strong>Saint Antoine</strong>', '', '', '', '', '', '5cm/10cm', '', '', 1500, 10, 0, 1, ''),
(39, 'tableau/icone', 'objet', '', 'saint-esprit', '<strong>Saint-Esprit</strong>', '', '', '', '', '', '5cm/10cm', '', '', 1500, 10, 0, 1, ''),
(40, 'tableau/icone', 'objet', '', 'saint-therese', '<strong>Sainte Therèse</strong>', '', '', '', '', '', '5cm/10cm', '', '', 1500, 10, 0, 1, ''),
(41, 'tableau/icone', 'objet', '', 'saint-francois-assise', '<strong>Saint François d''assise</strong>', '', '', '', '', '', '5cm/10cm', '', '', 1500, 10, 0, 1, ''),
(42, 'tableau/icone', 'objet', '', 'saint-joseph', '<strong>Saint Joseph</strong>', '', '', '', '', '', '5cm/10cm', '', '', 1500, 10, 0, 1, ''),
(43, 'tableau/icone', 'objet', '', 'la-pieta', '<strong>La Pieta</strong>', '', '', '', '', '', '5cm/10cm', '', '', 1500, 10, 0, 1, ''),
(44, 'tableau/icone', 'objet', '', 'padre-pio', '<strong>Padré pio</strong>', '', '', '', '', '', '5cm/10cm', '', '', 1500, 10, 0, 1, ''),
(45, 'tableau/icone', 'objet', '', 'padre-pio-1', '<strong>Padré pio</strong>', '', '', '', '', '', '5cm/10cm', '', '', 1500, 10, 0, 1, ''),
(46, 'tableau/icone', 'objet', '', 'coeur-immacule', '<strong>Coeur Immaculé de Marie</strong>', '', '', '', '', '', '5cm/10cm', '', '', 1500, 10, 0, 1, ''),
(47, 'tableau/icone', 'objet', '', 'coeur-immacule-1', '<strong>Coeur Immaculé de Marie</strong>', '', '', '', '', '', '5cm/10cm', '', '', 1500, 10, 0, 1, ''),
(48, 'tableau/icone', 'objet', '', 'croix-de-st-francois', '<strong>Croix de Saint François</strong>', '', '', '', '', '', '5cm/10cm', '', '', 1500, 10, 0, 1, ''),
(49, 'tableau/icone', 'objet', '', 'pape-francois', '<strong>Pape François</strong>', '', '', '', '', '', '5cm/10cm', '', '', 1500, 10, 0, 1, ''),
(50, 'tableau/icone', 'objet', '', 'pape-francois-1', '<strong>Pape</strong> François', '', '', '', '', '', '5cm/10cm', '', '', 1500, 10, 0, 1, ''),
(51, 'livret P.D', 'publication', '<strong>Maria Valtorta</strong>', 'evangile-revele-maria-valtorta-1', '<b>L''&Eacute;vangile Révélé</b> <i>Maria Valtorta</i><br/> Coffret 1: La préparation (3 livrets)<br/>', '', '', '&Eacute;vangile révélé à Maria Valtorta, en 10 volumes de 6500 pages subdivisés en 55 livrets de 80 à 120 pages (gros caractères, faciles et agréables à lire). C''est certainement l''une des plus grandes révélations privées de l''histoire de l''<strong>&Eacute;glise catholique</strong> par la densité, la puissance et la force de ses <strong>enseignements</strong>... <strong>Méditer</strong> régulièrement l''<strong>&Eacute;vangile Révélé</strong> est une grande bénédiction pour soi. il fait plonger dans l''océan de l''<strong>amour</strong> et de la <strong>sagesse de Dieu</strong>.', '', '', '21cm/15cm', '', '80-120', 7500, 10, 0, 1, ''),
(52, 'livret P.D', 'publication', '<strong>Maria Valtorta</strong>', 'evangile-revele-maria-valtorta-2', '<b>L''&Eacute;vangile Révélé</b> <i>Maria Valtorta</i><br/> Coffret 2: 1ère année de la vie publique de Jésus (8 livrets)<br/>', '', '', '&Eacute;vangile révélé à Maria Valtorta, en 10 volumes de 6500 pages subdivisés en 55 livrets de 80 à 120 pages (gros caractères, facils et agréables à lire). C''est certainement l''une des plus grandes révélations privées de l''histoire de l''<strong>&Eacute;glise catholique</strong> par la densité, la puissance et la force de ses <strong>enseignements</strong>... <strong>Méditer</strong> régulièrement l''<strong>&Eacute;vangile Révélé</strong> est une grande bénédiction pour soi. il fait plonger dans l''océan de l''<strong>amour</strong> et de la <strong>sagesse de Dieu</strong>.', '', '', '21cm/15cm', '', '80-120', 20000, 5, 0, 1, ''),
(53, 'livret P.D', 'publication', '<strong>Maria Valtorta</strong>', 'evangile-revele-maria-valtorta-3', '<b>L''&Eacute;vangile Révélé</b> <i>Maria Valtorta</i><br/> Coffret 3: 2ème année de la vie publique de Jésus (14 livrets)<br/>', '', '', '&Eacute;vangile révélé à Maria Valtorta, en 10 volumes de 6500 pages subdivisés en 55 livrets de 80 à 120 pages (gros caractères, facils et agréables à lire). C''est certainement l''une des plus grandes révélations privées de l''histoire de l''<strong>&Eacute;glise catholique</strong> par la densité, la puissance et la force de ses <strong>enseignements</strong>... <strong>Méditer</strong> régulièrement l''<strong>&Eacute;vangile Révélé</strong> est une grande bénédiction pour soi. il fait plonger dans l''océan de l''<strong>amour</strong> et de la <strong>sagesse de Dieu</strong>.', '', '', '21cm/15cm', '', '80-120', 35000, 3, 0, 1, ''),
(54, 'livret P.D', 'publication', '<strong>Maria Valtorta</strong>', 'evangile-revele-maria-valtorta-4', '<b>L''&Eacute;vangile Révélé</b> <i>Maria Valtorta</i><br/> Coffret 4: 3ème année de la vie publique de Jésus (1/2) (10 livrets)<br/>', '', '', '&Eacute;vangile révélé à Maria Valtorta, en 10 volumes de 6500 pages subdivisés en 55 livrets de 80 à 120 pages (gros caractères, facils et agréables à lire). C''est certainement l''une des plus grandes révélations privées de l''histoire de l''<strong>&Eacute;glise catholique</strong> par la densité, la puissance et la force de ses <strong>enseignements</strong>... <strong>Méditer</strong> régulièrement l''<strong>&Eacute;vangile Révélé</strong> est une grande bénédiction pour soi. il fait plonger dans l''océan de l''<strong>amour</strong> et de la <strong>sagesse de Dieu</strong>.', '', '', '21cm/15cm', '', '80-120', 25000, 3, 0, 1, ''),
(55, 'livret P.D', 'publication', '<strong>Maria Valtorta</strong>', 'evangile-revele-maria-valtorta-4', '<b>L''&Eacute;vangile Révélé</b> <i>Maria Valtorta</i><br/> Coffret 5: 3ème année de la vie publique de Jésus (2/2) (8 livrets)<br/>', '', '', '&Eacute;vangile révélé à Maria Valtorta, en 10 volumes de 6500 pages subdivisés en 55 livrets de 80 à 120 pages (gros caractères, facils et agréables à lire). C''est certainement l''une des plus grandes révélations privées de l''histoire de l''<strong>&Eacute;glise catholique</strong> par la densité, la puissance et la force de ses <strong>enseignements</strong>... <strong>Méditer</strong> régulièrement l''<strong>&Eacute;vangile Révélé</strong> est une grande bénédiction pour soi. il fait plonger dans l''océan de l''<strong>amour</strong> et de la <strong>sagesse de Dieu</strong>.', '', '', '21cm/15cm', '', '80-120', 20000, 3, 0, 1, ''),
(56, 'livret P.D', 'publication', '<strong>Maria Valtorta</strong>', 'evangile-revele-maria-valtorta-5', '<b>L''&Eacute;vangile Révélé</b> <i>Maria Valtorta</i><br/> Coffret 6: Pré-passion & Passion (9 livrets)<br/>', '', '', '&Eacute;vangile révélé à Maria Valtorta, en 10 volumes de 6500 pages subdivisés en 55 livrets de 80 à 120 pages (gros caractères, facils et agréables à lire). C''est certainement l''une des plus grandes révélations privées de l''histoire de l''<strong>&Eacute;glise catholique</strong> par la densité, la puissance et la force de ses <strong>enseignements</strong>... <strong>Méditer</strong> régulièrement l''<strong>&Eacute;vangile Révélé</strong> est une grande bénédiction pour soi. il fait plonger dans l''océan de l''<strong>amour</strong> et de la <strong>sagesse de Dieu</strong>.', '', '', '21cm/15cm', '', '80-120', 22500, 3, 0, 1, ''),
(57, 'livret P.D', 'publication', '<strong>Maria Valtorta</strong>', 'evangile-revele-maria-valtorta-6', '<b>L''&Eacute;vangile Révélé</b> <i>Maria Valtorta</i><br/> Coffret 7: La Glorification (3 livrets)<br/>', '', '', '&Eacute;vangile révélé à Maria Valtorta, en 10 volumes de 6500 pages subdivisés en 55 livrets de 80 à 120 pages (gros caractères, facils et agréables à lire). C''est certainement l''une des plus grandes révélations privées de l''histoire de l''<strong>&Eacute;glise catholique</strong> par la densité, la puissance et la force de ses <strong>enseignements</strong>... <strong>Méditer</strong> régulièrement l''<strong>&Eacute;vangile Révélé</strong> est une grande bénédiction pour soi. il fait plonger dans l''océan de l''<strong>amour</strong> et de la <strong>sagesse de Dieu</strong>.', '', '', '21cm/15cm', '', '80-120', 7500, 3, 0, 1, ''),
(58, 'livret P.D', 'publication', 'Fraternité PDA', 'evangile-explique', '<strong>L''&Eacute;vangile</strong> expliqué: Collection 24 cahiers', '', '', '24 cahiers d''<strong>enseignements</strong> thématique portant sur l''<strong>évangile de Jésus</strong> et extrait de l''<strong>&Eacute;vangile Révélé</strong> (à <strong>Maria Valtorta</strong>). La <strong>méditation</strong> quotidienne de l''<strong>&Eacute;vangile expliqué</strong> est un chemin de sanctification', '', '', '15cm/10cm', '', '60-300', 3000, 10, 0, 1, ''),
(59, 'livret P.D', 'publication', 'ACHI KOMAN', 'st-martin-de-porres', '<strong>Neuvaine</strong> à <strong>Saint Martin de Porrès</strong> ou frère de la charité', '', '', '...à la découverte de l''un des plus grands <strong>saints</strong> de l''<strong>Eglise catholique</strong>. Il est invoqué pour les <strong>catholique</strong>. Il est invoqué pour les causes désespérées et les cas dits impossibles.', '', '', '21cm/15cm', '', '60', 2000, 10, 0, 1, ''),
(60, 'livret P.D', 'publication', 'ACHI KOMAN', 'priez', 'PRIEZ: <i>le matin, à 15H, le soir</i>', '', '', 'Priez:<br/>Le matin avec <strong>l''Esprit-Saint</strong> pour se revêtir de sa puissance.<br/>À 15h, avec des <strong>prières d''intercession</strong> et de réparation pour soi-même, pour les autres et pour les <strong>âmes du purgatoire</strong>.<br/>Le soir, avec la <strong>prière</strong> du <strong>Rosaire du Coeur d''accueil</strong> de <strong>Jésus</strong> pour le combat contre les forces des ténèbres.', '', '', '15cm/10cm', '', '91', 1000, 10, 0, 1, ''),
(61, 'livret P.D', 'publication', 'ACHI KOMAN', 'priere-de-combat', 'Prière de combat', '', '', 'Puissantes <strong>prières</strong> de délivrance, de libération et de protection contre toutes formes de maléfices', '', '', '15cm/10cm', '', '97', 1000, 10, 0, 1, ''),
(62, 'livret P.D', 'publication', 'ACHI KOMAN', 'priere-des-1000-ave', 'Prière des 1000 Ave', '', '', 'Prières particulièrement efficaces pour les situations de blocage et la libération des <strong>âmes du purgatoire</strong>.', '', '', '15cm/10cm', '', '31', 1000, 10, 1, 1, ''),
(63, 'livret P.D', 'publication', 'ACHI KOMAN', 'neuvaine-esprit-saint', 'Neuvaine à l''Esprit-Saint', '', '', 'Pour recevoir <strong>l''Esprit-Saint</strong>, ses dons et ses charismes.', '', '', '15cm/10cm', '', '76', 1000, 10, 0, 1, ''),
(64, 'livret P.D', 'publication', 'ACHI KOMAN', 'neuvaine-de-delivrance', 'Neuvaine de délivrance', '', '', 'Pour briser les liens de la sorcellerie, vaincre et chasser les maris de nuit et femmes de nuit et obtenir la <strong>grâce</strong> du mariage.', '', '', '15cm/10cm', '', '56', 1000, 10, 0, 1, ''),
(65, 'livret P.D', 'publication', 'ACHI KOMAN', 'le-purgatoire-existe', 'Le purgatoire existe', '', '', 'Il y a des gens qui ne veulent pas accepter l''idée de l''existence d''un <strong>purgatoire</strong> et d''un enfer. Erreur!!!<br/><strong>Le purgatoire existe</strong>, l''<strong>Enfer existe</strong>. Ce livre rapporte des témoignages poignants de leur existence.', '', '', '21cm/14.5cm', '', '69', 500, 10, 0, 1, ''),
(66, 'livret P.D', 'publication', 'ACHI KOMAN', 'parole-amour', 'Paroles d''Amour', '', '', 'Puissantes paroles du <strong>Seigneur Jésus-Christ</strong> pour enseigner la <strong>Paix</strong>, l''<strong>Amour</strong>, la <strong>Sagesse</strong> et la connaissance de <strong>Dieu</strong>, l''Obéïssance, la Bonté, la Miséricorde etc..', '', '', '15cm/10cm', '', '81', 1000, 10, 0, 1, ''),
(67, 'livret P.D', 'publication', 'ACHI KOMAN', 'apocalypse-13', 'Apocalypse 13', '', '', 'Le chiffre de la bête: 666 énoncé dans l''<strong>Apocalypse de Saint Jean</strong>, au chapitre 13, est expliqué par la <strong>Sainte Vierge Marie</strong> qui donne par ailleurs les précautions de survie pour les évenements annoncés pour la <strong>fin des temps</strong>, mais pour aussi l''avènement du <strong>règne de Dieu</strong>, règne d''amour, règne de paix et de justice.', '', '', '21cm/15cm', '', '54', 1500, 10, 0, 1, ''),
(68, 'livret P.D', 'publication', 'ACHI KOMAN', 'chretien-rosicrucien', 'Peut-on être <strong>Chétiens</strong> et Rosicrusien', '', '', '', '', '', '21cm/15cm', '', '35', 500, 10, 0, 0, ''),
(69, 'bibles', 'publication', '', 'la-bible-des-peuples', 'La <strong>bible</strong> des peuples', '', '', 'à completer', '', '', '', '', '', 8000, 3, 0, 1, ''),
(70, 'bibles', 'publication', '', 'bible-bahoule', 'La <strong>bible</strong> en Bahoulé', '', '', 'à completer', '', '', '', '', '', 7000, 3, 0, 1, ''),
(71, 'bibles', 'publication', '', 'bible-communaute-chretienne', 'La <strong>bible</strong> des communautes chretiennes', '', '', 'à completer', '', '', '', '', '', 7000, 3, 0, 1, ''),
(72, 'bibles', 'publication', '', 'bible-de-jerusalem', 'La <strong>bible</strong> de Jérusalem', '', '', 'à completer', '', '', '', '', '', 10000, 3, 0, 1, ''),
(73, 'bibles', 'publication', '', 'bible-francais-courant', 'La <strong>bible</strong> en français courant', '', '', 'à completer', '', '', '', '', '', 5000, 0, 0, 1, ''),
(74, 'bibles', 'publication', '', 'cathechisme-eglise-catholique', 'Compendium du <strong>cathechisme</strong> de l''<strong>église catholique</strong>', '', '', 'à completer', '', '', '', '', '', 4000, 3, 0, 1, ''),
(75, 'bibles', 'publication', '', 'bible-tob', 'La <strong>bible</strong> tob', '', '', 'Traduction: Oecuménique biblique', '', '', '', '', '', 5000, 3, 0, 1, ''),
(76, 'bibles', 'publication', '', 'bible-enfant-ma-petitebible', '<strong>Bible</strong> pour enfant: ma <strong>petite bible</strong>', '', '', 'à completer', '', '', '', '', '', 6500, 0, 0, 1, ''),
(77, 'bibles', 'publication', '', 'bible-enfant-ma-premeire-bible', 'Ma première <strong>bible</strong>', '', '', 'à completer', '', '', '', '', '', 3500, 3, 0, 1, ''),
(78, 'bibles', 'publication', '', 'bible-des-tout-petits', '<strong>Bible</strong> des tout petits', '', '', 'de 0 à 4 ans', '', '', '', '', '', 8000, 2, 0, 1, ''),
(79, 'bibles', 'publication', '', 'sainte-bible', 'La <strong>Sainte</strong> <strong>Bible Louïs Segond</strong>', '', '', 'à completer', '', '', '', '', '', 5000, 3, 0, 1, ''),
(80, 'bibles', 'publication', '', 'sainte-bible-louis-second', 'La <strong>Sainte<strong> <strong>Bible Louïs Segond</strong>(gros caractère avec dictionnaire des concordances)', '', '', 'à completer', '', '', '', '', '', 22000, 3, 0, 1, ''),
(81, 'NEI', 'publication', '', 'veillez-et-priez', 'Veillez et <strong>priez</strong>', '', '', 'Excellent livre d eprière pour tous et pour toutes les circonstances de la vie.', '', '', '', '', '', 3500, 3, 0, 1, ''),
(82, 'texte&priere', 'publication', '', 'saint-raphael', 'Texte et <strong>Prière</strong>:<br/><strong>Saint Raphaël</strong>', '', '', 'Médecin de Dieu. Guérisseur de tous les malades. Guide les gestes incertains de notre vie.', '', '', '', '', '71', 5500, 5, 0, 1, ''),
(83, 'texte&priere', 'publication', '', 'saint-gabriel', 'Texte et <strong>Prière</strong>:<br/><strong>Saint Gabriel</strong>', '', '', 'Veut dire: "Ma force est Dieu" ou "Puissance de Dieu". Il est lié au mystère de l&acute;incarnation de Dieu', '', '', '', '', '71', 5500, 5, 0, 1, ''),
(84, 'texte&priere', 'publication', '', 'saint-benoit', 'Texte et <strong>Prière</strong>:<br/><strong>Saint Benoît</strong>', '', '', '"Au commencement d&acute;un nouveau siècle et d&cute;un nouveau millénaire, il est opportun de se souvenir de Saint-Benoît, d&cute;écouter à nouveau ses enseignements, d&cute;avoir recours à son intercession très puissante." Don Antoine Forgeot.', '', '', '', '', '59', 5500, 5, 0, 1, ''),
(85, 'texte&priere', 'publication', '', 'saint-ange-gardien', 'Texte et <strong>Prière</strong>:<br/>L''<strong>ange gardien</strong>', '', '', '"Quand un esprit se rend invisiblement présent, le corps ressent de la crainte; mais en présence d&acute;un Ange, l&acute;âme des humbles est remplies de joie. Aussi, quand nous reconnaissons cette présence à l&acute;effet qu&acute;elle produit, hâtons-nous de prier parceque notre bon gardien veut se joindre à notre prière." Saint Jean Climaque', '', '', '', '', '71', 5500, 5, 0, 1, ''),
(86, 'texte&priere', 'publication', '', 'saint-st-michel', 'Texte et <strong>Prière</strong>:<br/>La dévotion à <strong>SAINT MICHEL</strong> et aux <strong>ANGES</strong>', '', '', 'Veut dire : "Qui est comme Dieu". Il est le chef des armées celestes et le puissant de tous les <strong>Anges</strong>', '', '', '', '', '71', 5500, 5, 0, 1, ''),
(87, 'texte&priere', 'publication', '', 'saint-sacrement', 'Texte et <strong>Prière</strong>:<br/>Le <strong>saint</strong> sacrement', '', '', '''C''est pour être hostie vivante que Notre <strong>Seigneur</strong> est venue habiter notre coeur.''<i>Mère Marie-Thérèse Dubouché</i><br/>''La chair immaculée de <strong>Jésus-Christ</strong>, l''Agneau sans tache, devient le remède de ceux que le fruit défendu avait rendus malades et qui avaient perdu l''éternelle et immarcescible couronne.''<i><strong>Saint</strong> Thomas d''Aquin</i>', '', '', '', '', '55', 5500, 5, 0, 1, ''),
(88, 'texte&priere', 'publication', '', 'precieux-sang', 'Texte et <strong>Prière</strong>:<br/>Le précieux sang', '', '', '''Oui, Je suis l''Amour ! Je suis le Fils de la Vierge Immaculée, Je suis l''époux des vierges, la force des faibles, la lumière des âmes, leur vie, leur récompense et leur fin ! Mon Sang efface tous leurs péchés, car Je suis leur réparateur et leur rédempteur !''<br/><i><strong>Jésus</strong> à soeur Josefa Menéndez, 13/11/1923</i>', '', '', '', '', '47', 5500, 5, 0, 1, ''),
(89, 'divers', 'publication', 'Père Jean DEROBERT', 'chevalier-de-dieu', '<strong>Saint Michel</strong>, Chevalier de <strong>Dieu</strong>', '', '', '''...C''est lui qui refoule au fond des enfers l''horrible tête du Dragon, et qui, du haut du ciel, foudroie les rebelles et leur chef.<br/>Marchons, à la suite de notre Prince, contre chefs orgeuilleux, afin que, du trône de l''Agneau, nous recevions la couronne de la victoire...''<br/><i>Hymne à <strong>Saint Michel</strong></i>', '', '', '', '', '40', 5000, 5, 0, 1, ''),
(90, 'divers', 'publication', 'Stormie ORMATIAN', 'priere-epouse-efficace', 'La <strong>Prière</strong> d''une épouse est efficace', '', '', 'S''inquiéter pour votre mariage ne change rien...<strong>Prier</strong> pour votre mariage peut tout changer.<br/>Les défis et les pressions aujourd''hui peuvent nous poter à croire qu''un mariage heureux et épanouï est un rêve impossible. Mais <strong>Dieu</strong> prend plaisir à faire ce qui est impossible... pour autant que nous le lui demandions !<br/><br/><a href='''' target=''_blank''>Stormie OMARTIAN</a> partagent comment <strong>Dieu</strong> a fortifié son propre mariage dès lors qu''elle s''est mise à <strong>prier</strong> pour son mari concernant certains domaines clé de sa vie, tels que...<ul><li>sa marche spirituelle</li><li>ses émotions</li><li>son rôle en tant que père, leader, et décideur</li><li>sa sécurité au travail et dans les finances</li><li>sa santé et sa potection physique</li><li>sa foi et son avenir</li></ul>Toute femme aspirant à une relation plus intime avec son mari appréciera ce regard rafraîchissant sur les puissances de la <strong>prière</strong> dans le mariage. Stormie partage des expériences vécues ainsi que des exemples de <strong>prière</strong> et ''d''outils efficaces'', c''est à dire des versets qui inspirent et encouragent. C''est ainsi qu''elle invite les épouses à se reposer dans l''assurance qu''apportent les puissantes promesses divines de restauration, de renouveau et de croissance dans le mariage. Stormie Ormatian est l''auteur de ''La <strong>prière</strong> des parents est efficace''.', '', '', '', '', '206', 7500, 5, 0, 1, ''),
(91, 'divers', 'publication', 'Gary Chapman', 'avant-me-marier', 'Ce que j''aurais aimé savoir avant de me marier', '', '', 'Saviez-vous que le fait d''être amoureux ne suffit pas pour construire un mariage heureux ? Que l''amour comporte deux étapes et qu''il faut savoir passer de l''une à l''autre ? Que le proverbe ''Telle mère, telle fille; tel père tel fils'' n''est pas un mythe ? Qu''en vous mariant, vous épouserez non seulement la personne que vous aimez mais aussi sa famille ?<br>Que vous soyez célibataire ou que vous envisagiez le mariage, ce livre vous aidera à réfléchir à différentes question qu''il vaut mieux se poser avant. Et pour ceux qui se sont déjà dit ''oui'', il sera une bonne occasion de ''faire le ppoint'' !<br/>Un ouvrage à lire, à offrir et à mettre en pratique dès aujourd''hui!', '', '', '', '', '159', 6000, 5, 0, 1, ''),
(92, 'divers', 'publication', 'Gary Chapman', 'language-amour-dieu', 'Les langages d''<strong>Amour</strong> de <strong>Dieu</strong>', '', '', 'Le docteur Gary Chapman explore depuis longtemps nos différentes façons de communiquer et de percevoir l''amour:<ul><li>Les paroles valorisantes,</li><li>Les moments de qualité,</li><li>les cadeaux,</li><li>les services rendus</li><li>le toucher physique</li></ul>Dans cet ouvrage unique, il nous invite à découvrir notre langage d''amour dominant afin de nous épanouir dans un contexte des plus important: notre relation avec <strong>Dieu</strong><br/>Au travers de son vécu, des expériences de personnes venues le consulter ou d''exemples tirés de la <strong>Bible</strong>, l''auteur montre comment <strong>Dieu</strong> vient à la rencontre de chacun en ''parlant'' le langage d''amour qui lui est propre. Ce livre original aidera tout lecteur à se rapporcher de <strong>Dieu</strong>, à se sentir aimé de Lui et de développer une vie émotionnellement riche.', '', '', '', '', '200', 5500, 5, 0, 1, ''),
(93, 'divers', 'publication', 'Rick WARREN', 'vie-motivee-par-essentiel', 'Une vie mitovée par l''essentiel<br/>Pourquoi sui-je sur Terre ?', '', '', 'Quel est le sens de notre vie ? <strong>Dieu</strong> aurait-il des projets pour nous, pour notre vie et pour l''éternité ?<br/>Pendant 40 jours et autant de chapitres quotidiens, le pasteur Rick Warren propose de partir à la découverte du sens de la vie. ''Pourquoi suis-je sur Terre ?'': la réponse à cette question permet de vivre l''essentiel, d''affronter la vie avec sérénité, et de se préparer pour l''éternité.', '', '', '', '', '350', 5500, 5, 0, 1, ''),
(94, 'divers', 'publication', 'Evelyn CHISTENSON', 'quand-femme-prie', 'Quand les femmes prient...<br/>il se passe toujours quelque chose', '', '', 'Quand les femmes <strong>prient</strong>... est un livre pratique et biblique sur la <strong>prière</strong>. L''enseignement qu''il contient a été éprouvé lors de centaines de séminaires sur la <strong>prière</strong> de par le monde entier, par des femmes qui ont ainsi appris à <strong>prier</strong> de façon plus personnelle et plus efficace.<br/>L''auteur sait mieux que quiconque exprimer ce que ressentent et vivent les femmes. Elle sait aussi démontrer comment leur vie et leur intercession ont un impact puissant.<br/>Quand les femmes <strong>prient</strong>... vous montrera comment entrer dans la dynamique qui intervient lorsque quelqu''un <strong>prie</strong>. Ce livre pourrait bien changer votre vie personnelle, mais aussi votre famille et votre église.', '', '', '', '', '189', 6500, 5, 0, 1, ''),
(95, 'divers', 'publication', 'Evelyn CHISTENSON', 'dieu-fait-femme-prient', 'Ce que <strong>Dieu</strong> fait quand les femmes <strong>prient</strong>', '', '', '''Que se passe-t-il quand les femmes <strong>prient</strong> ?''<br/>Au fil des pages, l''auteur répond à cette question. Il ne s''agit ni de théorie ni de ecette miracle.<br/>Après avoir noté miraculeusement les exaucements de <strong>Dieu</strong> à la <strong>prière</strong> pendant trois décennies, cette femme très appréciée comme leader dans le ministère auprès des femmes, sait de quoi elle parle enmatière de réponse à la <strong>prière</strong> des femmes. L''auteur retrace son propre pélérinage et nous lance un défi à travers les leçons et les victoire remportées par ces femmes qui on prié.<br/>Dans ce nouveau livre, Evelyn Christenson nous aide à réliser que la prière est la clé permettant de connaîte <strong>Dieu</strong> et de le faire connaître. Ce livre nous aidera à comprendre la valeur de la prière unie, fervente, spécifique et stratégique, et à saisir comment nos prières peuvent faire toute la différence dans ce monde.', '', '', '', '', '253', 6500, 5, 0, 1, ''),
(96, 'divers', 'publication', 'Patricia WILSON', '52-prieres-femme-active', '52 <strong>prières</strong> pour femmes actives', '', '', 'Aujourd''hui, la femme active est très sollicité. Partagée entre vie professionnelle et familiale, elle assume de multiples responsabilités et gère des emplois du temps particulièrement remplis.<br/>Malgré toutes ces sollicitations, elles aspirent à vivre des moments d''intimité avec <strong>Dieu</strong>, pour entendre Sa voix et renouveler sa foi. Comment trouvera-t-elle le temps de se ressourcer spirituellement ?<br/><i>52 <strong>prières</strong> pour les femmes actives</i> est une réponse approprié à ce besoin de rencontrer <strong>Dieu</strong> au coeur d''une vie trépidante. Chaque prière est conçue comme une pause de cinq minutes : elle débute par un verset extrait du livre des Psaumes et se conclut par une parole de <strong>Jésus</strong>.<br/>Ces prières ont pour thème :<ul><li>la vie quotidienne : travail, vie de couple, vie de famille.</li><li>les circonstances difficiles : fatique, stress, découragement, maladie, doute.</li><li>les occasions spéciales : anniversaire, nouvel an, Pâques...</li></ul>', '', '', '', '', '129', 4000, 5, 0, 1, ''),
(97, 'divers', 'publication', 'Germaine COPELAND', 'priere-revolutionne-vie-femme', 'La <strong>prière</strong> qui révolutionne la vie des femmes', '', '', 'Les femmes, plus que d''autres peut être, ont besoin de <strong>prier</strong> de manière efficace! Avec toutes les charges qui pèsent aujourd''hui sur elles - dans leur foyer ou dans leur profession, dans leur célibat ou en tant qu''épouse, dans leur ministère ou en famille - elles ont besoin de la puissance de la <strong>prière</strong> pour tenir bon et les aider à faire face à toutes leurs obligations.<br/>Ce livre propose des prières spécifiques traitant des questions auxquelles les femmes d''aujourd''hui sont confrontées au quotidien. Basées sur les &Eacute;critures, elles permettront de libérer la puissance de <strong>Dieu</strong> et de changer l''adversité en triomphe !<br/>Apprenez à vous saisir des clés que <strong>Dieu</strong> met à votre disposition pour remporter d''éclatantes victoires dans tous les domaines de votre vie. Prenez le temps de prier et vous ne tarderez pas à en voir les effets.', '', '', '', '', '201', 7500, 5, 0, 1, ''),
(98, 'divers', 'publication', 'Merlin CAROTHERS', 'reponse-ala-louange', 'Réponse à la <strong>louange</strong>', '', '', '''Réponse à la Louange'' fait suite aux livres ''De la prison à la <strong>louange</strong>'' et ''Puissance de la <strong>louange</strong>'' du même auteur.<br/>Merlin Carothers a reçu beaucoup de lettres de personnes qui ont expérimenté la puissance de la louange. Afin de pouvoir partager leurs témoignages, l''auteur a décidé d''éditer ces lettres accompagnées de réponses bibliques percutantes.', '', '', '', '', '142', 5500, 5, 0, 1, ''),
(99, 'divers', 'publication', 'Merlin CAROTHERS', 'puissance-dela-louange', 'Puissance de la <strong>louange</strong>', '', '', '''Puissance de la Louange'' fait suite à ''De la Prison à la Louange'': de nouvelles applications spirituelles et pratiques, de nouvelles expériences, de nouvelles dimensions de cette vie de louange.<br/> C''est de l''authentique, du ''vécu'', mais présenté de telle façon que le lecteur est mis en mesure d''entrer lui aussi dans ce même monde d''expérience miraculeuses.<br/>Ce livre applique courageusement le principe de la reconnaissance déterminée et de la louange à <strong>Dieu</strong en toutes circonstances. Il nous introduit parfois dans des situations de vie d''un réalisme tragique. nous prions le lecteur qui se choquerait de surmonter cette première réaction plus ou moins instinctive et de reprendre la question à la lumière de la <strong>révélation</strong> <strong>biblique</strong> Nous l''invitons à réagir, non plus en fonction des réflexes naturels ou d''habitudes humaines de pensée, mais en fonction de cette sagesse supérieure, de ces critères divins d''estimation que nous fait découvrir la <strong>Parole de Dieu</strong> illuminée par l<strong>''Esprit-Saint</strong>.', '', '', '', '', '221', 5500, 5, 0, 1, ''),
(100, 'divers', 'objet', '', 'pierre-noire', 'Pierre noire', '', '', 'à completer', '', '', '', '', '', 1000, 10, 0, 1, ''),
(101, 'encens', 'objet', '', 'saint-jean-geranium', '<strong>Saint Jean</strong> au <b>Geranium</b>', '', '', 'à completer', '', '', '', '', '', 2500, 10, 0, 0, ''),
(102, 'encens', 'objet', '', 'saint-expedito-jasmin', 'Encens <strong>Saint</strong> Expedito au <b>Jasmin</b>', '', '', 'à completer', '', '', '', '', '', 2500, 10, 0, 0, ''),
(103, 'encens', 'objet', '', 'sainte-therese-jesus-fleur-oranger', '<strong>Sainte thérèse</strong> de <strong>Jésus<§strong> à la <b>Fleur d''oranger</b>', '', '', 'à completer', '', '', '', '', '', 2500, 10, 0, 0, ''),
(104, 'encens', 'objet', '', 'saint-pedro-jacinthe', '<strong>Saint</strong> Pédro à la <b>Jacinthe</b>', '', '', 'à completer', '', '', '', '', '', 2500, 10, 0, 0, ''),
(105, 'encens', 'objet', '', 'sainte-rita-mugue', '<strong>Saint Rita<§strong> au <b>Muguet</b>', '', '', 'à completer', '', '', '', '', '', 2500, 10, 0, 0, ''),
(106, 'encens', 'objet', '', 'saint-francois-assise-eucalyptus', '<strong>Saint François</strong> d''Assise à <b>l''''Eucalyptus</b>', '', '', 'à completer', '', '', '', '', '', 2500, 10, 0, 0, ''),
(107, 'encens', 'objet', '', 'marie-auxiliadora-jasmin', 'Maria Auxiliadora au <b>Jasmin</b>', '', '', 'à completer', '', '', '', '', '', 2500, 10, 0, 0, ''),
(108, 'encens', 'objet', '', 'saint-raphael-archange-myrrhe', '<strong>Encens</strong> bâton : <strong>Saint Raphaël</strong> <strong>archange</strong> à la <b>Myrrhe</b>', '', '', 'à completer', '', '', '', '', '', 2500, 10, 0, 1, ''),
(109, 'encens', 'objet', '', 'saint-michel-archange-encens-naturel', '<strong>Encens</strong> bâton : <strong>Saint Michel</strong> <strong>archange</strong> à <b>l''Encens Naturel</b>', '', '', 'à completer', '', '', '', '', '', 2500, 10, 0, 1, ''),
(110, 'encens', 'objet', '', 'saint-gabriel-archange-oeillet', '<strong>Encens</strong> bâton : <strong>Saint Gabriel<strong> <strong>archange<strong> à <b>l''Oeillet</b>', '', '', 'à completer', '', '', '', '', '', 2500, 10, 0, 1, ''),
(111, 'encens', 'objet', '', 'ange-guerison-lavande', 'L''<strong>ange<§strong> de la guérison à la <b>Lavande</b>', '', '', 'à completer', '', '', '', '', '', 2500, 10, 0, 0, ''),
(112, 'encens', 'objet', '', 'sainte-mere-lourdes-muguet', '<strong>Encens</strong> bâton : <strong>Sainte mère de Lourdes</strong> au <b>Muguet</b>', '', '', 'à completer', '', '', '', '', '', 2500, 10, 0, 1, ''),
(113, 'encens', 'objet', '', 'sainte-mere-du-perpetuel-secours-citron', '<strong>Sainte mère du pertpétuel secours</strong> au <b>Citron</b>', '', '', 'à completer', '', '', '', '', '', 2500, 10, 0, 0, ''),
(114, 'encens', 'objet', '', 'sainte-mere-de-fatima-rose', '<strong>Sainte mère de Fatima</strong> à la <b>Rose</b>', '', '', 'à completer', '', '', '', '', '', 2500, 10, 0, 0, ''),
(115, 'encens', 'objet', '', 'encens-jerusalem', '<strong>Encens</strong> poudre : <strong>Jérusalem</strong>', '', '', 'à completer', '', '', '', '', '', 500, 10, 0, 1, ''),
(116, 'encens', 'objet', '', 'encens-pontfical', '<strong>Encens</strong> poudre : <strong>Pontifical</strong>', '', '', 'à completer', '', '', '', '', '', 500, 10, 0, 1, ''),
(117, 'encens', 'objet', '', 'encens-st-michel', '<strong>Encens</strong> poudre :  <strong>Saint-Michel</strong>', '', '', 'à completer', '', '', '', '', '', 500, 10, 0, 1, ''),
(118, 'croixm', 'objet', '', 'crucifix-bois', '<strong>Crucifix</strong> en bois', '', '', 'à completer', '', '', '', '', '', 600, 10, 0, 1, ''),
(119, 'croixp', 'objet', '', 'crucifix-bois-posee', '<strong>Crucifix en bois</strong> posée', '', '', 'à completer', '', '', '', '', '', 1000, 10, 0, 1, ''),
(120, 'croixm', 'objet', '', 'crucifix-bronze', '<strong>Crucifix</strong> en bronze', '', '', 'à completer', '', '', '42cm/21cm', '', '', 33000, 2, 0, 1, ''),
(121, 'croixm', 'objet', '', 'croix-st-benoit', '<strong>Croix mur</strong> de <strong>Saint Benoit</strong>', '', '', 'à completer', '', '', '', '', '', 3000, 10, 0, 1, ''),
(122, 'croixp', 'objet', '', 'croix-posee-st-benoit', '<strong>Croix posée</strong> de <strong>Saint Benoit</strong>', '', '', 'à completer', '', '', '', '', '', 3500, 10, 0, 1, ''),
(123, 'croixp', 'objet', '', 'croix-posee-st-benoit-bleu', '<strong>Croix posée<strong> de <strong>Saint Benoit</strong>', '', '', 'à completer', '', '', '', '', '', 2000, 10, 0, 0, ''),
(124, 'croixm', 'objet', '', 'croix-st-esprit', '<strong>Croix</strong> du <strong>Saint-Esprit</strong>', '', '', 'à completer', '', '', '18cm/9cm', '', '', 15000, 10, 0, 1, ''),
(125, 'croixm', 'objet', '', 'croix-eucharistie', '<strong>Croix</strong> de l''<strong>Eucharistie</strong>', '', '', 'à completer', '', '', '18cm/9cm', '', '', 15000, 10, 0, 1, ''),
(126, 'croix', 'objet', '', 'st-benoit-beige', '<strong>Croix</strong> de <strong>Saint Benoit</strong>', '', '', 'à completer', '', '', '', '', '', 3000, 10, 0, 0, ''),
(127, 'croix', 'objet', '', 'st-benoit-bois', '<strong>Croix</strong> de <strong>Saint Benoit</strong>', '', '', 'à completer', '', '', '', '', '', 2000, 10, 0, 0, ''),
(128, 'chapelet', 'objet', '', 'chapelet-gregoire', '<strong>Chapelet</strong> du <strong>Pape Saint Grégoire</strong>', '', '', 'Le <strong>chapelet</strong> du <strong>Pape St Grégoire</strong> a été révélé au St père pour la délivrance massive et assurée des <strong>âmes du purgatoire</strong>. Il consiste à dire 75 Pater et <strong>Ave</strong> pendant 7 jours d''affilé accompagnés de 7 aumônes par jour pendant 7 jours.<br/>Il se dit ainsi:<br/><ul><li>Sur le <strong>crucifix</strong>: <ul><li>le credo.</li></ul></li>	<li>1er grain:<ul><li><strong>Père éternel</strong>, je t''offre le Corps et le Sang, l''Âme et la Divinité de ton Fils bien-aimé, notre <strong>Seigneur Jésus-Christ</strong>, en réparation de nos péchés et de ceux du monde entier</li></ul></li>	<li>Les deux grains blancs :<ul><li><strong>Notre père</strong>, qui ête au cieux....</li><li>Je vous salut <strong>Marie</strong>,....</li></ul></li><li>Sur le grain rouge:<ul><li><strong>Gloire au Père</strong>,....</li></ul></li></ul> et ainsi de suite jusqu''à la fin du <strong>chapelet</strong>.<br/>&Agrave, dire pendant 7 jours.', '', '', '', '', '', 2000, 10, 0, 1, ''),
(129, 'chapelet', 'objet', '', 'chapelet-saint-esprit', '<strong>Chapelet</strong> du <strong>Saint-Esprit</strong>', '', '', 'Il consiste à dire :<br/>V: Viens <strong>Saint-Esprit</strong>,<br/>R: Rempli les coeurs de tes fidèles<br/>et allume en eux le feu de ton <strong>amour</strong>.<br/>Avec le <strong>chapelet</strong> rouge à 7 grains du <strong>Saint-Esprit</strong>,il se dit ainsi:<br/><ul><li>Sur le <strong>crucifix</strong>:<ul><li><strong>Dieu</strong>, viens à mon aide.</li><li><strong>Seigneur</strong> à notre secours.</li></ul></li>	<li>Sur le premier grain:<ul><li><strong>Gloire au Père</strong> au fils et au <strong>saint-esprit</strong>....</li><li>Gloire adoration bénédiction et amour à toi....</li></ul></li>	<li>Sur les 7 grains suivants:<ul><li>Viens <strong>saint-esprit</strong>....</li></ul></li><li>Terminer par:<ul><li><strong>Gloire au Père</strong>,....</li><li>Gloire, adoration, bénédiction,....</li></ul></li></ul>Ainsi de suite jusqu''à la fin du <strong>chapelet</strong>.', '', '', '', '', '', 1000, 10, 0, 1, ''),
(130, 'chapelet', 'objet', '', 'chapelet-sauveur', '<strong>Chapelet<strong> du <strong>Saint Sauveur</strong>', '', '', '&Agrave, dire pour les situations de détresse et d''angoisse, d''attaque psychique et <strong>spirituelle</strong>, et pour les pays en guerre. <br/>Il comporte 33 grains. Il se dit ainsi:<br/><ul><li>Sur le <strong>crucifix</strong>:<ul><li><strong>Dieu</strong>, viens à mon aide.</li><li><strong>Seigneur</strong> à notre secours.</li></ul></li>	<li>Sur le gros grain:<ul><li><strong>Gloire au Père</strong>....</li></ul></li>	<li>Petits grains (en continu):<ul><li>Il n''y a de puissance que ta puissance, <strong>Seigneur Jésus</strong>! <br/>Viens me sauver <b>ou</b> Viens sauver x (dire le nom de la personne pour qui l''on prie).</li></ul></li><li>&Agrave, la fin:<ul><li><strong>Gloire au Père</strong>,....</li></ul></li></ul>', '', '', '', '', '', 2000, 10, 0, 1, ''),
(131, 'grotte', 'objet', '', 'grotte-religieuse-ciment-sainte-vierge-marie-notre-dame-toute-grace-sur-commande', '<strong>Grotte</strong> <strong>Notre Dame de toute Grâce</strong><br/>(<strong>sur commande</strong> uniquement: construction à domicile)', '', '', 'Nous avons un atelier d''artisans locaux pour la fabrication de grotte en ciment. Cette équipe, basé au <a href=''index.php?menu=lieu-bolobi''>Sanctuaire Notre Dame du Rosaire de Bolobi</a> produit, à l''aide de fournitures d''autres artisans des alentours, des <strong>grottes</strong> dans les dimensions suivante :<br/><ul><li>1m/0.5m : 50.000Fcfa</li><li>1.5m/1m : 100.000Fcfa</li><li>2.5m/1.5m : 200.000Fcfa</li><li>2m/1m : 175.000Fcfa</li></ul>', '', '', '', '', '', 0, 10, 0, 1, ''),
(132, 'grotte', 'objet', '', 'grotte-religieuse-argile-sainte-vierge-marie-notre-dame-toute-grace-sur-commande', '<strong>Grotte<strong> <strong>Notre Dame de toute Grâce</strong> en argile<br/>(<strong>sur commande</strong> uniquement: construction à domicile)', '', '', 'Nous avons un atelier d''artisans locaux pour la fabrication de grotte en argile. Cette équipe, basé au <a href=''index.php?menu=lieu-bolobi''>Sanctuaire Notre Dame du Rosaire de Bolobi</a> produit, à l''aide de fournitures d''autres artisans des alentours, des <strong>grottes</strong> dans les dimensions suivante :<br/><ul><li>1m/0.5m : 30.000Fcfa</li><li>1.5m/1m : 70.000Fcfa</li><li>2.5m/1.5m : 150.000Fcfa</li><li>2m/1m : 125.000Fcfa</li></ul>', '', '', '', '', '', 50000, 10, 0, 1, ''),
(133, 'grotte', 'objet', '', 'grotte-religieuse-granite-sainte-vierge-marie-notre-dame-toute-grace-sur-commande', '<strong>Grotte Notre Dame de toute Grâce</strong> en granite<br/>(<strong>sur commande</strong> uniquement: construction à domicile)', '', '', 'Nous avons un atelier d''artisans locaux pour la fabrication de grotte en granite.. Cette équipe, basé au <a href=''index.php?menu=lieu-bolobi''>Sanctuaire Notre Dame du Rosaire de Bolobi</a> produit, à l''aide de fournitures d''autres artisans des alentours, des <strong>grottes</strong> dans les dimensions suivante :<br/><ul><li>1m/0.5m : 0.000Fcfa</li><li>1.5m/1m : 00.000Fcfa</li><li>2.5m/1.5m : 00.000Fcfa</li><li>2m/1m : 00.000Fcfa</li></ul>', '', '', '', '', '', 50000, 10, 0, 1, ''),
(134, 'statue', 'objet', '', 'statue-religieuse-polyestere-sainte-vierge-marie-notre-dame-toute-grace', '<strong>Statue</strong> <strong>Notre Dame de toute Grâce</strong><br/>en polyestère', '', '', '. Leur déclinaison en taille varie comme suivant :<br/><ul><li>1m/0.5m : 0.000Fcfa</li><li>1.5m/1m : 00.000Fcfa</li><li>2.5m/1.5m : 00.000Fcfa</li><li>2m/1m : 00.000Fcfa</li></ul>', '', '', '', '', '', 25000, 10, 0, 1, ''),
(135, 'statue', 'objet', '', 'statue-religieuse-resine-colore-sainte-vierge-marie-notre-dame-toute-grace', '<strong>Statue Notre Dame de toute Grâce</strong><br/>en résine : coloré', '', '', 'Ces <strong>statues<§strong> du Nigéria sont en résine. Leur déclinaison en taille varie comme suivant :<br/><ul><li>1m/0.5m : 0.000Fcfa</li><li>1.5m/1m : 00.000Fcfa</li><li>2.5m/1.5m : 00.000Fcfa</li><li>2m/1m : 00.000Fcfa</li></ul>', '', '', '', '', '', 2000, 10, 0, 1, ''),
(136, 'statue', 'objet', '', 'statue-religieuse-resine-lumineuse-sainte-vierge-marie-notre-dame-toute-grace', '<strong>Statue Notre Dame de toute Grâce</strong><br/>en résine : lumineuse', '', '', 'Ces <strong>statues</strong> du Nigéria sont en résine. Leur déclinaison en taille varie comme suivant :<br/><ul><li>1m/0.5m : 0.000Fcfa</li><li>1.5m/1m : 00.000Fcfa</li><li>2.5m/1.5m : 00.000Fcfa</li><li>2m/1m : 00.000Fcfa</li></ul>', '', '', '', '', '', 2000, 10, 0, 1, ''),
(137, 'statue', 'objet', '', 'statue-religieuse-resine-colore-saint-michel', '<strong>Statue</strong> <strong>Saint Michel</strong><br/>en résine : coloré', '', '', 'Ces <strong>statues</strong> du Nigéria sont en résine. Leur déclinaison en taille varie comme suivant :<br/><ul><li>1m/0.5m : 0.000Fcfa</li><li>1.5m/1m : 00.000Fcfa</li><li>2.5m/1.5m : 00.000Fcfa</li><li>2m/1m : 00.000Fcfa</li></ul>', '', '', '', '', '', 2000, 10, 0, 1, ''),
(138, 'statue', 'objet', '', 'statue-religieuse-resine-lumineuse-saint-michel', '<strong>Statue</strong> <strong>Saint Michel</strong><br/>en résine : lumineuse', '', '', 'Ces <strong>statues</strong> du Nigéria sont en résine. Leur déclinaison en taille varie comme suivant :<br/><ul><li>1m/0.5m : 0.000Fcfa</li><li>1.5m/1m : 00.000Fcfa</li><li>2.5m/1.5m : 00.000Fcfa</li><li>2m/1m : 00.000Fcfa</li></ul>', '', '', '', '', '', 2000, 10, 0, 1, ''),
(139, 'statue', 'objet', '', 'statue-religieuse-resine-colore-padre-pio', '<strong>Statue Padre Pio</strong><br/>en résine : coloré', '', '', 'Ces <strong>statues</strong> du Nigéria sont en résine. Leur déclinaison en taille varie comme suivant :<br/><ul><li>1m/0.5m : 0.000Fcfa</li><li>1.5m/1m : 00.000Fcfa</li><li>2.5m/1.5m : 00.000Fcfa</li><li>2m/1m : 00.000Fcfa</li></ul>', '', '', '', '', '', 6000, 10, 0, 1, ''),
(140, 'statue', 'objet', '', 'statue-religieuse-resine-lumineuse-padre-pio', '<strong>Statue Padre Pio</strong><br/>en résine : lumineuse', '', '', 'Ces <strong>statues</strong> du Nigéria sont en résine. Leur déclinaison en taille varie comme suivant :<br/><ul><li>1m/0.5m : 0.000Fcfa</li><li>1.5m/1m : 00.000Fcfa</li><li>2.5m/1.5m : 00.000Fcfa</li><li>2m/1m : 00.000Fcfa</li></ul>', '', '', '', '', '', 50000, 10, 0, 0, ''),
(141, 'statue', 'objet', '', 'statue-religieuse-resine-colore-jesus-prague', '<strong>Statue Jésus de Prague</strong><br/>en résine : coloré', '', '', 'Ces <strong>statues</strong> du Nigéria sont en résine. Leur déclinaison en taille varie comme suivant :<br/><ul><li>1m/0.5m : 0.000Fcfa</li><li>1.5m/1m : 00.000Fcfa</li><li>2.5m/1.5m : 00.000Fcfa</li><li>2m/1m : 00.000Fcfa</li></ul>', '', '', '', '', '', 4000, 10, 0, 1, '');
INSERT INTO `articles` (`id_produits`, `nom`, `user_name`, `auteur`, `img`, `fr`, `en`, `es`, `fr1`, `en1`, `es1`, `taille`, `materiaux`, `autre`, `prix`, `stock`, `vendus`, `actif`, `code`) VALUES
(142, 'statue', 'objet', '', 'statue-religieuse-resine-lumineuse-jesus-prague', '<strong>Statue Jésus de Prague</strong><br/>en résine : lumineuse', '', '', 'Ces <strong>statues</strong> du Nigéria sont en résine. Leur déclinaison en taille varie comme suivant :<br/><ul><li>1m/0.5m : 0.000Fcfa</li><li>1.5m/1m : 00.000Fcfa</li><li>2.5m/1.5m : 00.000Fcfa</li><li>2m/1m : 00.000Fcfa</li></ul>', '', '', '', '', '', 4000, 10, 0, 1, ''),
(143, 'statue', 'objet', '', 'statue-religieuse-resine-colore-saint-joseph', '<strong>Statue</strong> <strong>Saint Joseph</strong><br/>en résine : coloré', '', '', 'Ces <strong>statues</strong> du Nigéria sont en résine. Leur déclinaison en taille varie comme suivant :<br/><ul><li>1m/0.5m : 0.000Fcfa</li><li>1.5m/1m : 00.000Fcfa</li><li>2.5m/1.5m : 00.000Fcfa</li><li>2m/1m : 00.000Fcfa</li></ul>', '', '', '', '', '', 4000, 10, 0, 1, ''),
(144, 'statue', 'objet', '', 'statue-religieuse-resine-lumineuse-saint-joseph', '<strong>Statue</strong> <strong>Saint Joseph</strong></strong><br/>en résine : lumineuse', '', '', 'Ces <strong>statues</strong> du Nigéria sont en résine. Leur déclinaison en taille varie comme suivant :<br/><ul><li>1m/0.5m : 0.000Fcfa</li><li>1.5m/1m : 00.000Fcfa</li><li>2.5m/1.5m : 00.000Fcfa</li><li>2m/1m : 00.000Fcfa</li></ul>', '', '', '', '', '', 4000, 10, 0, 1, ''),
(145, 'statue', 'objet', '', 'statue-religieuse-resine-colore-notre-dame-victoire', '<strong>Notre Dame de la Victoire</strong><br/>en résine : coloré', '', '', 'Ces <strong>statues</strong> du Nigéria sont en résine. Leur déclinaison en taille varie comme suivant :<br/><ul><li>1m/0.5m : 0.000Fcfa</li><li>1.5m/1m : 00.000Fcfa</li><li>2.5m/1.5m : 00.000Fcfa</li><li>2m/1m : 00.000Fcfa</li></ul>', '', '', '', '', '', 50000, 10, 0, 0, ''),
(146, 'statue', 'objet', '', 'statue-religieuse-resine-rosa-mistica', '<strong>Rosa Mistica</strong><br/>(import Rome)', '', '', 'Ces <strong>statues</strong> du Nigéria sont en résine. Leur déclinaison en taille varie comme suivant :<br/><ul><li>1m/0.5m : 0.000Fcfa</li><li>1.5m/1m : 00.000Fcfa</li><li>2.5m/1.5m : 00.000Fcfa</li><li>2m/1m : 00.000Fcfa</li></ul>', '', '', '50cm', '', '', 150000, 10, 0, 1, '');

-- --------------------------------------------------------

--
-- Structure de la table `blog`
--

CREATE TABLE IF NOT EXISTS `blog` (
  `user_name` varchar(20) NOT NULL,
  `titre` varchar(100) DEFAULT NULL,
  `texte` text NOT NULL,
  `phrase` varchar(200) DEFAULT NULL,
  `heure` timestamp NOT NULL DEFAULT CURRENT_TIMESTAMP,
  `pseudo` varchar(50) DEFAULT NULL,
  `img` varchar(250) DEFAULT NULL,
  `vote` text,
  `retirer` varchar(100) DEFAULT NULL,
  `retireurIP` varchar(20) DEFAULT NULL,
  `IP` varchar(20) DEFAULT NULL,
  `code` varchar(50) DEFAULT NULL,
  PRIMARY KEY (`heure`)
) ENGINE=InnoDB DEFAULT CHARSET=utf8;

--
-- Contenu de la table `blog`
--

INSERT INTO `blog` (`user_name`, `titre`, `texte`, `phrase`, `heure`, `pseudo`, `img`, `vote`, `retirer`, `retireurIP`, `IP`, `code`) VALUES
('comment', 'qdqf', 'sccvsvds', '', '0000-00-00 00:00:00', 'dqssqdqsd', '', NULL, NULL, NULL, NULL, NULL),
('comments', NULL, 'iouoiiooi', '2014-10-23 11:54:42', '2014-09-30 22:00:00', 'achi', NULL, NULL, NULL, NULL, NULL, NULL),
('comments', NULL, 'llllll', '2014-10-23 11:54:42', '2014-10-01 22:00:00', 'kkkk', NULL, NULL, NULL, NULL, NULL, NULL),
('comments', NULL, 'qqqqqq', '2014-10-23 11:54:42', '2014-10-02 00:00:00', 'qqqq', NULL, NULL, NULL, NULL, NULL, NULL),
('comments', NULL, 'aaaaaaa', '2014-10-23 11:54:42', '2014-10-02 06:00:00', 'aaaaaaaa', NULL, NULL, NULL, NULL, NULL, NULL),
('comments', NULL, 'jkjkj', '2014-10-23 11:54:42', '2014-10-04 22:00:00', 'dcdssvc', NULL, NULL, NULL, NULL, NULL, NULL),
('comments', NULL, 'cwxccqscq', '2014-10-23 11:54:42', '2014-10-04 22:07:00', 'cwccd', NULL, NULL, NULL, NULL, NULL, NULL),
('comments', NULL, 'iouoiiooi', '2014-10-23 11:54:42', '2014-10-05 01:00:00', 'achi', NULL, NULL, NULL, NULL, NULL, NULL),
('comments', NULL, 'dffdsdfsfds', '2014-10-23 11:54:42', '2014-10-05 22:00:00', 'dsdfdss', NULL, NULL, NULL, NULL, NULL, NULL),
('comments', NULL, 'hkkhjj', '2014-10-23 11:54:42', '2014-10-05 22:12:00', 'jhhj', NULL, NULL, NULL, NULL, NULL, NULL),
('octobre', 'titre', 'contenu enseignement', '', '2014-10-05 23:14:10', '', 'aaa', '0', '0', '', '', ''),
('comments', NULL, 'bhjbhj', '2014-10-23 11:54:42', '2014-10-06 22:00:00', 'bbhjbjh', NULL, NULL, NULL, NULL, NULL, NULL),
('comments', NULL, 'est là', '2014-10-23 11:54:42', '2014-10-07 22:00:00', 'cyrille', NULL, NULL, NULL, NULL, NULL, NULL),
('livredor', 'fgvhbjkbjh', 'gvgvvhvbihyvhyb h h hj h jbh nhbvh vhvjgvgvvhvbihyvhyb h h hj h jbh nhbvh vhvjgvgvvhvbihyvhyb h h hj h jbh nhbvh vhvjgvgvvhvbihyvhyb h h hj h jbh nhbvh vhvjgvgvvhvbihyvhyb h h hj h jbh nhbvh vhvjgvgvvhvbihyvhyb h h hj h jbh nhbvh vhvjgvgvvhvbihyvhyb h h hj h jbh nhbvh vhvjgvgvvhvbihyvhyb h h hj h jbh nhbvh vhvj', NULL, '2014-10-22 17:54:42', 'jkkjjh', '', NULL, NULL, NULL, NULL, NULL),
('livredor', 'fgvhbjkbjh', 'gvgvvhvbihyvhyb h h hj h jbh nhbvh vhvjgvgvvhvbihyvhyb h h hj h jbh nhbvh vhvjgvgvvhvbihyvhyb h h hj h jbh nhbvh vhvjgvgvvhvbihyvhyb h h hj h jbh nhbvh vhvjgvgvvhvbihyvhyb h h hj h jbh nhbvh vhvjgvgvvhvbihyvhyb h h hj h jbh nhbvh vhvjgvgvvhvbihyvhyb h h hj h jbh nhbvh vhvjgvgvvhvbihyvhyb h h hj h jbh nhbvh vhvj', NULL, '2014-10-22 17:54:58', 'jkkjjh', '', NULL, NULL, NULL, NULL, NULL),
('livredor', 'fgvhbjkbjh', 'gvgvvhvbihyvhyb h h hj h jbh nhbvh vhvjgvgvvhvbihyvhyb h h hj h jbh nhbvh vhvjgvgvvhvbihyvhyb h h hj h jbh nhbvh vhvjgvgvvhvbihyvhyb h h hj h jbh nhbvh vhvjgvgvvhvbihyvhyb h h hj h jbh nhbvh vhvjgvgvvhvbihyvhyb h h hj h jbh nhbvh vhvjgvgvvhvbihyvhyb h h hj h jbh nhbvh vhvjgvgvvhvbihyvhyb h h hj h jbh nhbvh vhvj', NULL, '2014-10-22 17:55:09', 'jkkjjh', '', NULL, NULL, NULL, NULL, NULL),
('livredor', 'fgvhbjkbjh', 'gvgvvhvbihyvhyb h h hj h jbh nhbvh vhvjgvgvvhvbihyvhyb h h hj h jbh nhbvh vhvjgvgvvhvbihyvhyb h h hj h jbh nhbvh vhvjgvgvvhvbihyvhyb h h hj h jbh nhbvh vhvjgvgvvhvbihyvhyb h h hj h jbh nhbvh vhvjgvgvvhvbihyvhyb h h hj h jbh nhbvh vhvjgvgvvhvbihyvhyb h h hj h jbh nhbvh vhvjgvgvvhvbihyvhyb h h hj h jbh nhbvh vhvj', NULL, '2014-10-22 17:56:49', 'jkkjjh', '', NULL, NULL, NULL, NULL, NULL),
('livredor', 'fgvhbjkbjh', 'gvgvvhvbihyvhyb h h hj h jbh nhbvh vhvjgvgvvhvbihyvhyb h h hj h jbh nhbvh vhvjgvgvvhvbihyvhyb h h hj h jbh nhbvh vhvjgvgvvhvbihyvhyb h h hj h jbh nhbvh vhvjgvgvvhvbihyvhyb h h hj h jbh nhbvh vhvjgvgvvhvbihyvhyb h h hj h jbh nhbvh vhvjgvgvvhvbihyvhyb h h hj h jbh nhbvh vhvjgvgvvhvbihyvhyb h h hj h jbh nhbvh vhvj', NULL, '2014-10-22 17:58:25', 'jkkjjh', '', NULL, NULL, NULL, NULL, NULL),
('livredor', 'fgvhbjkbjh', 'gvgvvhvbihyvhyb h h hj h jbh nhbvh vhvjgvgvvhvbihyvhyb h h hj h jbh nhbvh vhvjgvgvvhvbihyvhyb h h hj h jbh nhbvh vhvjgvgvvhvbihyvhyb h h hj h jbh nhbvh vhvjgvgvvhvbihyvhyb h h hj h jbh nhbvh vhvjgvgvvhvbihyvhyb h h hj h jbh nhbvh vhvjgvgvvhvbihyvhyb h h hj h jbh nhbvh vhvjgvgvvhvbihyvhyb h h hj h jbh nhbvh vhvj', NULL, '2014-10-22 17:58:44', 'jkkjjh', '', NULL, NULL, NULL, NULL, NULL),
('livredor', 'fgvhbjkbjh', 'gvgvvhvbihyvhyb h h hj h jbh nhbvh vhvjgvgvvhvbihyvhyb h h hj h jbh nhbvh vhvjgvgvvhvbihyvhyb h h hj h jbh nhbvh vhvjgvgvvhvbihyvhyb h h hj h jbh nhbvh vhvjgvgvvhvbihyvhyb h h hj h jbh nhbvh vhvjgvgvvhvbihyvhyb h h hj h jbh nhbvh vhvjgvgvvhvbihyvhyb h h hj h jbh nhbvh vhvjgvgvvhvbihyvhyb h h hj h jbh nhbvh vhvj', NULL, '2014-10-22 17:59:05', 'jkkjjh', '', NULL, NULL, NULL, NULL, NULL),
('livredor', 'fgvhbjkbjh', 'gvgvvhvbihyvhyb h h hj h jbh nhbvh vhvjgvgvvhvbihyvhyb h h hj h jbh nhbvh vhvjgvgvvhvbihyvhyb h h hj h jbh nhbvh vhvjgvgvvhvbihyvhyb h h hj h jbh nhbvh vhvjgvgvvhvbihyvhyb h h hj h jbh nhbvh vhvjgvgvvhvbihyvhyb h h hj h jbh nhbvh vhvjgvgvvhvbihyvhyb h h hj h jbh nhbvh vhvjgvgvvhvbihyvhyb h h hj h jbh nhbvh vhvj', NULL, '2014-10-22 18:00:04', 'jkkjjh', '', NULL, NULL, NULL, NULL, NULL),
('livredor', 'fgvhbjkbjh', 'gvgvvhvbihyvhyb h h hj h jbh nhbvh vhvjgvgvvhvbihyvhyb h h hj h jbh nhbvh vhvjgvgvvhvbihyvhyb h h hj h jbh nhbvh vhvjgvgvvhvbihyvhyb h h hj h jbh nhbvh vhvjgvgvvhvbihyvhyb h h hj h jbh nhbvh vhvjgvgvvhvbihyvhyb h h hj h jbh nhbvh vhvjgvgvvhvbihyvhyb h h hj h jbh nhbvh vhvjgvgvvhvbihyvhyb h h hj h jbh nhbvh vhvj', NULL, '2014-10-22 18:00:50', 'jkkjjh', '', NULL, NULL, NULL, NULL, NULL),
('comments', NULL, '', 'premier', '2014-10-22 22:00:00', 'qssqcq', NULL, NULL, NULL, NULL, NULL, NULL),
('comment', 'commentaire enseignement ', 'Ceci est le premier commentzire d''un enseignement sur ce site web, attention!!!!!Ceci est le premier commentzire d''un enseignement sur ce site web, attention!!!!!Ceci est le premier commentzire d''un enseignement sur ce site web, attention!!!!!Ceci est le premier commentzire d''un enseignement sur ce site web, attention!!!!!Ceci est le premier commentzire d''un enseignement sur ce site web, attention!!!!!Ceci est le premier commentzire d''un enseignement sur ce site web, attention!!!!!Ceci est le premier commentzire d''un enseignement sur ce site web, attention!!!!!Ceci est le premier commentzire d''un enseignement sur ce site web, attention!!!!!Ceci est le premier commentzire d''un enseignement sur ce site web, attention!!!!!Ceci est le premier commentzire d''un enseignement sur ce site web, attention!!!!!Ceci est le premier commentzire d''un enseignement sur ce site web, attention!!!!!Ceci est le premier commentzire d''un enseignement sur ce site web, attention!!!!!Ceci est ', '2014-10-06 01:14:10', '2014-10-23 09:54:42', 'premier', 'images/03.jpg', '127.0.0.1;', '127.0.0.1;', NULL, NULL, NULL),
('livredor', 'ghjh', 'FTGGHHJHJ', NULL, '2014-10-24 19:53:23', 'HKHKHJKL', '', NULL, NULL, NULL, NULL, NULL),
('comments', NULL, 'est làzz', '2014-10-23 11:54:42', '2014-10-24 20:31:09', 'cyrille', NULL, NULL, NULL, NULL, NULL, NULL),
('comments', NULL, 'est làzzlklkm', '2014-10-23 11:54:42', '2014-10-24 20:31:38', 'cyrille', NULL, NULL, NULL, NULL, NULL, NULL),
('comments', NULL, 'est làzzlklkmhjbjhkjlkjkllj', '2014-10-23 11:54:42', '2014-10-24 20:32:33', 'cyrille', NULL, NULL, NULL, NULL, NULL, NULL),
('comments', NULL, 'sdnfndnvsnkvslklnvs', '2014-10-23 11:54:42', '2014-10-24 20:33:00', 'mefzkfkdjjlfdjldfs', NULL, NULL, NULL, NULL, NULL, NULL),
('comments', NULL, 'hkhkkjhjh', '2014-10-23 11:54:42', '2014-10-24 20:34:13', 'kjkjhj', NULL, NULL, NULL, NULL, NULL, NULL),
('comment', 'sqsq', 'qdsfqdfsqdfs', NULL, '2014-10-24 20:36:56', 'sqdqssqd', '', '127.0.0.1;', '127.0.0.1;', NULL, NULL, NULL),
('comment', 'sqsq', 'qdsfqdfsqdfs', NULL, '2014-10-24 20:38:35', 'sqdqssqd', '', '127.0.0.1;', '127.0.0.1;', NULL, NULL, NULL),
('comment', 'sqsq', 'qdsfqdfsqdfs', NULL, '2014-10-24 20:53:02', 'sqdqssqd', '', NULL, NULL, NULL, NULL, NULL),
('livredor', 'bbbbbb', 'aaaaaaa', NULL, '2014-10-24 20:55:22', 'abababb', '', NULL, NULL, NULL, NULL, NULL),
('livredor', 'mmmmmmmmmm', 'mmmmmmmmmmmmmm', NULL, '2014-10-24 20:57:08', 'mmmmmmmmmmmmm', '', NULL, NULL, NULL, NULL, NULL),
('livredor', 'mmmmmmmmmm', 'mmmmmmmmmmmmmm', NULL, '2014-10-24 20:57:45', 'mmmmmmmmmmmmm', '', NULL, NULL, NULL, NULL, NULL),
('livredor', 'gfgfgf', 'gdfdhhfhfd', NULL, '2014-10-25 09:23:14', 'gbbggf', '', NULL, NULL, NULL, NULL, NULL),
('comment', 'fbbfbfs', 'fbfbvfs', NULL, '2014-10-25 09:30:49', 'sggssd', '', NULL, '127.0.0.1;', NULL, NULL, NULL),
('comment', 'fbbfbfs', 'fbfbvfs', NULL, '2014-10-25 09:33:10', 'sggssd', '', NULL, NULL, NULL, NULL, NULL),
('comment', 'ancore', 'enore', NULL, '2014-10-25 09:33:36', 'gachi', '', NULL, NULL, NULL, NULL, NULL),
('comment', 'ancore', 'enore', NULL, '2014-10-25 09:34:11', 'gachi', '', NULL, NULL, NULL, NULL, NULL),
('comment', 'ancore', 'enore', NULL, '2014-10-25 09:35:57', 'gachi', '', NULL, NULL, NULL, NULL, NULL),
('comment', 'rechachi', 'rererecacho', NULL, '2014-10-25 09:38:37', 'gachi', '', NULL, NULL, NULL, NULL, NULL),
('comment', 'rechachi', 'rererecacho', NULL, '2014-10-25 09:40:42', 'gachi', '', NULL, NULL, NULL, NULL, NULL),
('comment', 'rechachi', 'rererecacho', NULL, '2014-10-25 09:44:33', 'gachi', '', NULL, NULL, NULL, NULL, NULL),
('comment', 'rechachi', 'rererecacho', NULL, '2014-10-25 09:44:54', 'gachi', '', NULL, NULL, NULL, NULL, NULL),
('comments', 'HGFHHHJVJV', 'fgcgcgcffg', 'HGFHHHJVJV', '2014-10-25 10:43:41', 'hfftftf', '', NULL, NULL, NULL, NULL, NULL),
('comment', 'GSRGSRRSGSRSRSR', 'KJGGJGH', 'GSRGSRRSGSRSRSR', '2014-10-25 10:50:43', 'RDGTCFHGHHGHG', '', NULL, NULL, NULL, NULL, NULL),
('comment', 'cccc', 'zzzz', 'cccc', '2014-10-25 10:54:34', 'aaaa', '', NULL, NULL, NULL, NULL, NULL),
('comment', 'gdwxdgwd', 'ggdsgdssgd', 'gdwxdgwd', '2014-10-25 11:28:36', 'gsgg', '', NULL, NULL, NULL, NULL, NULL),
('comment', 'teseeeste', 'teste', 'teseeeste', '2014-10-25 11:44:49', 'teste', '', NULL, NULL, NULL, NULL, NULL),
('comment', 'hjkhhj', 'hjkhj', '2014-10-06 01:14:10', '2014-10-27 17:15:50', 'jkk', '', '127.0.0.1;', NULL, NULL, NULL, NULL),
('novembre', 'titre', 'contenu enseignement', '', '2014-11-02 18:00:16', '', 'aaa', '0', '0', '', '', '');

-- --------------------------------------------------------

--
-- Structure de la table `cnnexions`
--

CREATE TABLE IF NOT EXISTS `cnnexions` (
  `ip` varchar(15) NOT NULL,
  `timestamp` int(11) NOT NULL,
  PRIMARY KEY (`ip`)
) ENGINE=InnoDB DEFAULT CHARSET=utf8;

--
-- Contenu de la table `cnnexions`
--

INSERT INTO `cnnexions` (`ip`, `timestamp`) VALUES
('127.0.0.1', 1415703194);

-- --------------------------------------------------------

--
-- Structure de la table `commande`
--

CREATE TABLE IF NOT EXISTS `commande` (
  `id` varchar(10) NOT NULL,
  `nom` varchar(100) NOT NULL,
  `email` varchar(150) NOT NULL,
  `tel` int(13) NOT NULL,
  `tel2` int(13) NOT NULL,
  `adresse` varchar(150) NOT NULL,
  `adresse_comp` varchar(150) DEFAULT NULL,
  `cp` varchar(30) NOT NULL,
  `pays` varchar(75) NOT NULL,
  `montant` int(9) NOT NULL,
  `timestamp` timestamp NOT NULL DEFAULT CURRENT_TIMESTAMP,
  `expiration` date NOT NULL,
  `type_de_carte` varchar(20) DEFAULT NULL,
  `securite` int(3) DEFAULT NULL,
  `numero_de_carte` int(20) DEFAULT NULL,
  `nomporteur` varchar(75) DEFAULT NULL,
  `type_de_lig` varchar(25) DEFAULT NULL,
  `email_compte` varchar(75) DEFAULT NULL,
  `email_compte_user` varchar(75) DEFAULT NULL,
  `type_de_tel` varchar(25) DEFAULT NULL,
  `phone_compte` int(13) DEFAULT NULL,
  `phone_compte_user` int(13) DEFAULT NULL,
  `validation` tinyint(1) NOT NULL DEFAULT '0',
  PRIMARY KEY (`id`)
) ENGINE=InnoDB DEFAULT CHARSET=utf8;

--
-- Contenu de la table `commande`
--

INSERT INTO `commande` (`id`, `nom`, `email`, `tel`, `tel2`, `adresse`, `adresse_comp`, `cp`, `pays`, `montant`, `timestamp`, `expiration`, `type_de_carte`, `securite`, `numero_de_carte`, `nomporteur`, `type_de_lig`, `email_compte`, `email_compte_user`, `type_de_tel`, `phone_compte`, `phone_compte_user`, `validation`) VALUES
('0W7zR', 'kgh', 'ghj@dqsqds.QSd', 98890, 89089089, 'KL', 'KJLKJL', 'LIJJLK', 'cotedivoire', 9500, '2014-11-07 13:25:04', '2014-11-14', '', 0, 0, '', '', '', '', 'orangemoney', 225, 225, 0),
('1eglg', 'kgh', 'ghj@dqsqds.QSd', 98890, 89089089, 'KL', 'KJLKJL', 'LIJJLK', 'cotedivoire', 9500, '2014-11-07 14:27:32', '2014-11-14', '', 0, 0, '', '', '', '', 'orangemoney', 225, 225, 0),
('1RYKF', 'rrrrr', 'rrrr@rrrr.rrrr', 1111111, 0, 'ETRDHTGJHJ', NULL, '0', 'cotedivoire', 100000, '2014-11-05 16:23:42', '2014-11-12', '', 0, 0, '', '', '', '', 'orangemoney', 225, 2147483647, 0),
('2Z1iZ', 'qsdhj', 'hkqdsh@qds.qds', 90890790, 878987, 'JQSDNQSKJNJXQKJ', NULL, '0', 'cotedivoire', 56000, '2014-10-05 23:14:10', '2014-10-13', '', 0, 0, '', '', '', '', 'flooz', 0, 2251, 0),
('3ggpc', 'hjjk', 'jhjjh@fdsfds.dsf', 89787, 987897, 'JKJHJHH', NULL, '0', 'cotedivoire', 56000, '2014-10-05 23:44:39', '2014-10-13', '', 0, 0, '', '', '', '', 'flooz', 0, 22534, 0),
('3sER2', 'HHJHKHJ', 'HJHKJ@SDFSDSF.FDS', 980809809, 809809890, 'JNHJKHJJ', NULL, '0', 'cotedivoire', 329100, '2014-10-28 10:22:45', '2014-11-04', '', 0, 0, '', '', '', '', 'orangemoney', 59724963, 225, 0),
('4bcWN', 'jhjkhkj', 'hkkj@sfsfd.dfs', 987987, 8879899, 'HUIDFHUF', NULL, '0', 'cotedivoire', 56000, '2014-10-05 23:51:27', '2014-10-13', '', 0, 0, '', '', '', '', 'flooz', 0, 225675, 0),
('4derV', 'kgh', 'ghj@dqsqds.QSd', 98890, 89089089, 'KL', 'KJLKJL', 'LIJJLK', 'cotedivoire', 9500, '2014-11-07 14:23:01', '2014-11-14', '', 0, 0, '', '', '', '', 'orangemoney', 225, 225, 0),
('4GswO', 'kljfdq', 'ljldjf@dfs.fddf', 89787989, 87987897, 'HJKDJJNK', NULL, '0', 'cotedivoire', 56000, '2014-10-05 23:29:16', '2014-10-13', '', 0, 0, '', '', '', '', 'mtnmoney', 54059894, 225897, 0),
('4MvMB', 'kjhk', 'KHh@qds.qds', 879789, 87789, 'KLJKL', 'KJJKL', '908', 'cotedivoire', 9500, '2014-11-07 13:17:57', '2014-11-14', '', 0, 0, '', '', '', '', 'orangemoney', 225, 225, 0),
('4nvE8', 'jhkhk', 'HHjhhk@dfssdf.df', 877789789, 879789789, 'JHJH', 'JH', 'KJJH', 'cotedivoire', 85500, '2014-11-07 11:37:42', '2014-11-14', '', 0, 0, '', '', '', '', 'orangemoney', 225, 225, 0),
('5f7mF', 'PPP', 'MMM@SDDS.D', 90008898, 90008898, 'HJBHJHJBBHJ', NULL, '998809', 'cotedivoire', 34500, '2014-10-04 19:17:47', '2014-10-11', '', 0, 0, '', '', '', '', 'flooz', 0, 225099008, 0),
('5kFF2', 'hguh', 'huuhi@sqds.dsq', 89789778, 789789987, 'JHKJHJ', NULL, '0', 'cotedivoire', 167000, '2014-10-06 16:43:05', '2014-10-13', '', 0, 0, '', '', '', '', 'orangemoney', 59724963, 2147483647, 0),
('5wsPF', 'kgh', 'ghj@dqsqds.QSd', 98890, 89089089, 'KL', 'KJLKJL', 'LIJJLK', 'cotedivoire', 9500, '2014-11-07 13:25:20', '2014-11-14', '', 0, 0, '', '', '', '', 'orangemoney', 225, 225, 0),
('5XYoF', 'jhkhk', 'HHjhhk@dfssdf.df', 877789789, 879789789, 'JHJH', 'JH', 'KJJH', 'cotedivoire', 85500, '2014-11-07 11:45:17', '2014-11-14', '', 0, 0, '', '', '', '', 'orangemoney', 225, 225, 0),
('6cAIw', 'kgh', 'ghj@dqsqds.QSd', 98890, 89089089, 'KL', 'KJLKJL', 'LIJJLK', 'cotedivoire', 9500, '2014-11-07 13:39:58', '2014-11-14', '', 0, 0, '', '', '', '', 'orangemoney', 225, 225, 0),
('6Q61B', 'hjhj', 'hjhjk@ds.Dfs', 98879789, 789789, 'HHII', 'HIIH', 'UJHHUK', 'cotedivoire', 85500, '2014-11-07 14:33:27', '2014-11-14', '', 0, 0, '', '', '', '', 'mtnmoney', 225, 225, 0),
('6Q7DT', 'Cyrillelds', 'jhcoji@qdsf.qsd', 2147483647, 897789, 'JKBH', 'BHHBJBHJ', 'JKLNJ', 'cotedivoire', 0, '2014-11-07 13:16:08', '2014-11-14', '', 0, 0, '', '', '', '', 'mtnmoney', 225, 225, 0),
('6Tl6c', 'kgh', 'ghj@dqsqds.QSd', 98890, 89089089, 'KL', 'KJLKJL', 'LIJJLK', 'cotedivoire', 9500, '2014-11-07 13:40:16', '2014-11-14', '', 0, 0, '', '', '', '', 'orangemoney', 225, 225, 0),
('7T1Xk', 'kgh', 'ghj@dqsqds.QSd', 98890, 89089089, 'KL', 'KJLKJL', 'LIJJLK', 'cotedivoire', 9500, '2014-11-07 13:26:21', '2014-11-14', '', 0, 0, '', '', '', '', 'orangemoney', 225, 225, 0),
('86Opu', 'hguh', 'huuhi@sqds.dsq', 89789778, 789789987, 'JHKJHJ', NULL, '0', 'cotedivoire', 167000, '2014-10-06 16:48:04', '2014-10-13', '', 0, 0, '', '', '', '', 'orangemoney', 59724963, 2147483647, 0),
('8dbBy', 'jesuisunporc', 'jesuisunporc@je.suis', 110022999, 1928374, 'SDVSDF', NULL, '0', 'cotedivoire', 37000, '2014-11-05 15:59:54', '2014-11-12', '', 0, 0, '', '', '', '', 'orangemoney', 225, 2147483647, 0),
('8lxT2', 'YGYG', 'HJIHIU@DSDSF.DFQS', 9889787, 789798, 'JHKJH', NULL, '0', 'cotedivoire', 56000, '2014-10-06 00:07:54', '2014-10-13', '', 0, 0, '', '', '', '', 'flooz', 0, 22534, 0),
('8pgIr', 'achi', 'yu@yahoo.fr', 9360672, 0, 'YNBHTGRGTRGTVR', NULL, '0', 'cotedivoire', 98000, '2014-10-05 22:29:50', '2014-10-13', '', 0, 0, '', '', '', '', 'mtnmoney', 54059894, 225, 0),
('a3G4k', 'hguh', 'huuhi@sqds.dsq', 89789778, 789789987, 'JHKJHJ', NULL, '0', 'cotedivoire', 167000, '2014-10-06 16:49:41', '2014-10-13', '', 0, 0, '', '', '', '', 'orangemoney', 59724963, 2147483647, 0),
('A6IsB', 'uhhuk', 'uhui@dsdsq.qds', 78978987, 798789987, 'KJHHJ', 'HHUHUHU', 'HJ', 'cotedivoire', 85500, '2014-11-07 10:17:04', '2014-11-14', '', 0, 0, '', '', '', '', 'mtnmoney', 225, 225, 0),
('A6j8w', 'hukhu', 'uhuih@qsddsq.sdq', 7878, 7687, 'KJJK', NULL, '0', 'cotedivoire', 167000, '2014-10-06 17:29:27', '2014-10-13', '', 0, 0, '', '', '', '', 'orangemoney', 59724963, 2147483647, 0),
('AFugy', 'rrrrr', 'rrrr@rrrr.rrrr', 1111111, 0, 'ETRDHTGJHJ', NULL, '0', 'cotedivoire', 100000, '2014-11-05 16:43:34', '2014-11-12', '', 0, 0, '', '', '', '', 'orangemoney', 225, 2147483647, 0),
('apRkn', 'rrrrr', 'rrrr@rrrr.rrrr', 1111111, 0, 'ETRDHTGJHJ', NULL, '0', 'cotedivoire', 37000, '2014-11-05 16:11:54', '2014-11-12', '', 0, 0, '', '', '', '', 'orangemoney', 225, 2147483647, 0),
('arSid', 'HKHKUHHU', 'KHKH@DQSQDSDSSQ.QSD', 2147483647, 78997898, 'HIHOLKHJ', NULL, '0', 'cotedivoire', 329100, '2014-10-28 10:32:40', '2014-11-04', '', 0, 0, '', '', '', '', 'mtnmoney', 54059894, 225, 0),
('AsScf', 'jhkhk', 'HHjhhk@dfssdf.df', 877789789, 879789789, 'JHJH', 'JH', 'KJJH', 'cotedivoire', 0, '2014-11-07 11:57:49', '2014-11-14', '', 0, 0, '', '', '', '', 'orangemoney', 225, 225, 0),
('B7w8G', 'kgh', 'ghj@dqsqds.QSd', 98890, 89089089, 'KL', 'KJLKJL', 'LIJJLK', 'cotedivoire', 9500, '2014-11-07 14:22:45', '2014-11-14', '', 0, 0, '', '', '', '', 'orangemoney', 225, 225, 0),
('bjTHu', 'kgh', 'ghj@dqsqds.QSd', 98890, 89089089, 'KL', 'KJLKJL', 'LIJJLK', 'cotedivoire', 9500, '2014-11-07 13:22:40', '2014-11-14', '', 0, 0, '', '', '', '', 'orangemoney', 225, 225, 0),
('bN2ry', 'kgh', 'ghj@dqsqds.QSd', 98890, 89089089, 'KL', 'KJLKJL', 'LIJJLK', 'cotedivoire', 9500, '2014-11-07 13:56:44', '2014-11-14', '', 0, 0, '', '', '', '', 'orangemoney', 225, 225, 0),
('bo2Uo', 'rrrrr', 'rrrr@rrrr.rrrr', 1111111, 0, 'ETRDHTGJHJ', NULL, '0', 'cotedivoire', 100000, '2014-11-05 16:25:50', '2014-11-12', '', 0, 0, '', '', '', '', 'orangemoney', 225, 2147483647, 0),
('BwdjS', 'kjh', 'Kkh@dfsdfs.dffdq', 2147483647, 0, 'GJ', 'GJHGK', 'JHG', 'cotedivoire', 37000, '2014-11-05 17:11:55', '2014-11-12', '', 0, 0, '', '', '', '', 'orangemoney', 225, 2147483647, 0),
('bxwfV', 'rrrrr', 'rrrr@rrrr.rrrr', 1111111, 0, 'ETRDHTGJHJ', NULL, '0', 'cotedivoire', 100000, '2014-11-05 16:44:10', '2014-11-12', '', 0, 0, '', '', '', '', 'orangemoney', 225, 2147483647, 0),
('cE3PQ', 'SDDFSFDS', 'JKJKJ@QDSDQDSQ.DSQSDQ', 87879897, 878989987, 'JKNDSNDSFHUIHN', NULL, '0', 'cotedivoire', 56000, '2014-10-05 23:43:07', '2014-10-13', '', 0, 0, '', '', '', '', 'flooz', 0, 2255, 0),
('CfXnM', 'jhkhk', 'HHjhhk@dfssdf.df', 877789789, 879789789, 'JHJH', 'JH', 'KJJH', 'cotedivoire', 85500, '2014-11-07 11:19:30', '2014-11-14', '', 0, 0, '', '', '', '', 'orangemoney', 225, 225, 0),
('ck2cV', 'hguh', 'huuhi@sqds.dsq', 89789778, 789789987, 'JHKJHJ', NULL, '0', 'cotedivoire', 167000, '2014-10-06 16:45:43', '2014-10-13', '', 0, 0, '', '', '', '', 'orangemoney', 59724963, 2147483647, 0),
('Cmde1', 'kgh', 'ghj@dqsqds.QSd', 98890, 89089089, 'KL', 'KJLKJL', 'LIJJLK', 'cotedivoire', 9500, '2014-11-07 13:39:17', '2014-11-14', '', 0, 0, '', '', '', '', 'orangemoney', 225, 225, 0),
('Crscs', 'aaaaa', 'bbbbb@bbbb.bb', 11111111, 11111111, 'CCCCCCCCCCCCCCCCCCCCCCC', NULL, '2147483647', 'cotedivoire', 34500, '2014-10-04 19:21:01', '2014-10-11', '', 0, 0, '', '', '', '', 'mtnmoney', 0, 2147483647, 1),
('CSh5k', 'rrrrr', 'rrrr@rrrr.rrrr', 1111111, 0, 'ETRDHTGJHJ', NULL, '0', 'cotedivoire', 100000, '2014-11-05 16:17:26', '2014-11-12', '', 0, 0, '', '', '', '', 'orangemoney', 225, 2147483647, 0),
('CwAN3', 'kgh', 'ghj@dqsqds.QSd', 98890, 89089089, 'KL', 'KJLKJL', 'LIJJLK', 'cotedivoire', 9500, '2014-11-07 13:40:01', '2014-11-14', '', 0, 0, '', '', '', '', 'orangemoney', 225, 225, 0),
('DXvsx', 'kgh', 'ghj@dqsqds.QSd', 98890, 89089089, 'KL', 'KJLKJL', 'LIJJLK', 'cotedivoire', 9500, '2014-11-07 13:39:34', '2014-11-14', '', 0, 0, '', '', '', '', 'orangemoney', 225, 225, 0),
('ecIcz', 'jesuisunporc', 'jesuisunporc@je.suis', 110022999, 1928374, 'SDVSDF', NULL, '0', 'cotedivoire', 37000, '2014-11-05 16:02:13', '2014-11-12', '', 0, 0, '', '', '', '', 'orangemoney', 225, 2147483647, 0),
('ejbDh', 'jhkhk', 'HHjhhk@dfssdf.df', 877789789, 879789789, 'JHJH', 'JH', 'KJJH', 'cotedivoire', 85500, '2014-11-07 11:47:22', '2014-11-14', '', 0, 0, '', '', '', '', 'orangemoney', 225, 225, 0),
('ERroQ', 'kgh', 'ghj@dqsqds.QSd', 98890, 89089089, 'KL', 'KJLKJL', 'LIJJLK', 'cotedivoire', 9500, '2014-11-07 13:37:06', '2014-11-14', '', 0, 0, '', '', '', '', 'orangemoney', 225, 225, 0),
('eUbwO', 'jhkhk', 'HHjhhk@dfssdf.df', 877789789, 879789789, 'JHJH', 'JH', 'KJJH', 'cotedivoire', 85500, '2014-11-07 11:30:02', '2014-11-14', '', 0, 0, '', '', '', '', 'orangemoney', 225, 225, 0),
('eV4aZ', 'gjgh', 'gygy@ssqd.sdsd', 0, 0, 'è_è_hkj', NULL, '0', 'cotedivoire', 56000, '2014-10-06 00:11:04', '2014-10-13', '', 0, 0, '', '', '', '', 'flooz', 0, 22535, 0),
('EYj8C', 'retrft', 'deegtgt@ikhujgju.hjih53535', 554, 45334, 'GTEGTH', 'TEGTEH', 'GGEGE', 'cotedivoire', 85500, '2014-11-07 10:24:37', '2014-11-14', '', 0, 0, '', '', '', '', 'mtnmoney', 225, 225, 0),
('f6QIk', 'kgh', 'ghj@dqsqds.QSd', 98890, 89089089, 'KL', 'KJLKJL', 'LIJJLK', 'cotedivoire', 9500, '2014-11-07 13:26:00', '2014-11-14', '', 0, 0, '', '', '', '', 'orangemoney', 225, 225, 0),
('F7R04', 'jhkhk', 'HHjhhk@dfssdf.df', 877789789, 879789789, 'JHJH', 'JH', 'KJJH', 'cotedivoire', 85500, '2014-11-07 11:44:34', '2014-11-14', '', 0, 0, '', '', '', '', 'orangemoney', 225, 225, 0),
('Foisc', 'hguh', 'huuhi@sqds.dsq', 89789778, 789789987, 'JHKJHJ', NULL, '0', 'cotedivoire', 167000, '2014-10-06 16:47:21', '2014-10-13', '', 0, 0, '', '', '', '', 'orangemoney', 59724963, 2147483647, 0),
('g47za', 'achi', 'yu@yahoo.fr', 9360672, 0, 'YNBHTGRGTRGTVR', NULL, '0', 'cotedivoire', 98000, '2014-10-05 22:32:34', '2014-10-13', '', 0, 0, '', '', '', '', 'mtnmoney', 54059894, 22571, 0),
('gcGnF', 'jhkhk', 'HHjhhk@dfssdf.df', 877789789, 879789789, 'JHJH', 'JH', 'KJJH', 'cotedivoire', 85500, '2014-11-07 11:25:09', '2014-11-14', '', 0, 0, '', '', '', '', 'orangemoney', 225, 225, 0),
('GiVDP', 'kgh', 'ghj@dqsqds.QSd', 98890, 89089089, 'KL', 'KJLKJL', 'LIJJLK', 'cotedivoire', 9500, '2014-11-07 13:38:33', '2014-11-14', '', 0, 0, '', '', '', '', 'orangemoney', 225, 225, 0),
('Gjler', 'hg', 'hghgjh@qdsqds.dqs', 89809890, 890890, 'JKJ', 'JNKJ', 'JKLJH', 'cotedivoire', 22000, '2014-11-07 15:43:21', '2014-11-14', '', 0, 0, '', '', '', '', 'mtnmoney', 225, 225, 0),
('GvJGi', 'Cyrillelds', 'jhcoji@qdsf.qsd', 2147483647, 897789, 'JKBH', 'BHHBJBHJ', 'JKLNJ', 'cotedivoire', 85500, '2014-11-07 13:10:52', '2014-11-14', '', 0, 0, '', '', '', '', 'mtnmoney', 225, 225, 0),
('Gvrlk', 'hguh', 'huuhi@sqds.dsq', 89789778, 789789987, 'JHKJHJ', NULL, '0', 'cotedivoire', 167000, '2014-10-06 16:46:03', '2014-10-13', '', 0, 0, '', '', '', '', 'orangemoney', 59724963, 2147483647, 0),
('H7Qcb', 'ihkj', 'hkkhhu@qdssdq.dsq', 90889, 8909, 'BBHJBJH', NULL, '0', 'cotedivoire', 56000, '2014-10-06 00:13:34', '2014-10-13', '', 0, 0, '', '', '', '', 'mtnmoney', 54059894, 2257, 0),
('H7s5H', 'kgh', 'ghj@dqsqds.QSd', 98890, 89089089, 'KL', 'KJLKJL', 'LIJJLK', 'cotedivoire', 9500, '2014-11-07 13:24:57', '2014-11-14', '', 0, 0, '', '', '', '', 'orangemoney', 225, 225, 0),
('hAL22', 'sdjcj', 'jksdjk@dsfds.dsf', 878987, 89877, '_çè_èç', NULL, '0', 'cotedivoire', 56000, '2014-10-05 23:34:02', '2014-10-13', '', 0, 0, '', '', '', '', 'mtnmoney', 54059894, 22578, 0),
('HchhU', 'uhhuk', 'uhui@dsdsq.qds', 78978987, 798789987, 'KJHHJ', 'HHUHUHU', 'HJ', 'cotedivoire', 85500, '2014-11-07 10:15:24', '2014-11-14', '', 0, 0, '', '', '', '', 'mtnmoney', 225, 225, 0),
('hDZ7D', 'kgh', 'ghj@dqsqds.QSd', 98890, 89089089, 'KL', 'KJLKJL', 'LIJJLK', 'cotedivoire', 9500, '2014-11-07 14:10:49', '2014-11-14', '', 0, 0, '', '', '', '', 'orangemoney', 225, 225, 0),
('hTIjk', 'hguh', 'huuhi@sqds.dsq', 89789778, 789789987, 'JHKJHJ', NULL, '0', 'cotedivoire', 167000, '2014-10-06 16:48:33', '2014-10-13', '', 0, 0, '', '', '', '', 'orangemoney', 59724963, 2147483647, 0),
('I5wLM', 'kgh', 'ghj@dqsqds.QSd', 98890, 89089089, 'KL', 'KJLKJL', 'LIJJLK', 'cotedivoire', 9500, '2014-11-07 14:26:25', '2014-11-14', '', 0, 0, '', '', '', '', 'orangemoney', 225, 225, 0),
('iA3bk', 'kgh', 'ghj@dqsqds.QSd', 98890, 89089089, 'KL', 'KJLKJL', 'LIJJLK', 'cotedivoire', 9500, '2014-11-07 13:23:00', '2014-11-14', '', 0, 0, '', '', '', '', 'orangemoney', 225, 225, 0),
('ijCRt', 'kgh', 'ghj@dqsqds.QSd', 98890, 89089089, 'KL', 'KJLKJL', 'LIJJLK', 'cotedivoire', 9500, '2014-11-07 13:58:57', '2014-11-14', '', 0, 0, '', '', '', '', 'orangemoney', 225, 225, 0),
('iuvYd', 'kgh', 'ghj@dqsqds.QSd', 98890, 89089089, 'KL', 'KJLKJL', 'LIJJLK', 'cotedivoire', 9500, '2014-11-07 13:45:20', '2014-11-14', '', 0, 0, '', '', '', '', 'orangemoney', 225, 225, 0),
('Ix73j', 'rrrrr', 'rrrr@rrrr.rrrr', 1111111, 0, 'ETRDHTGJHJ', NULL, '0', 'cotedivoire', 100000, '2014-11-05 16:33:41', '2014-11-12', '', 0, 0, '', '', '', '', 'orangemoney', 225, 2147483647, 0),
('IyWmG', 'kgh', 'ghj@dqsqds.QSd', 98890, 89089089, 'KL', 'KJLKJL', 'LIJJLK', 'cotedivoire', 9500, '2014-11-07 13:38:48', '2014-11-14', '', 0, 0, '', '', '', '', 'orangemoney', 225, 225, 0),
('izlEy', 'hguh', 'huuhi@sqds.dsq', 89789778, 789789987, 'JHKJHJ', NULL, '0', 'cotedivoire', 167000, '2014-10-06 17:14:32', '2014-10-13', '', 0, 0, '', '', '', '', 'orangemoney', 59724963, 2147483647, 0),
('J1zVK', 'kgh', 'ghj@dqsqds.QSd', 98890, 89089089, 'KL', 'KJLKJL', 'LIJJLK', 'cotedivoire', 9500, '2014-11-07 13:20:12', '2014-11-14', '', 0, 0, '', '', '', '', 'orangemoney', 225, 225, 0),
('JbEL5', 'kgh', 'ghj@dqsqds.QSd', 98890, 89089089, 'KL', 'KJLKJL', 'LIJJLK', 'cotedivoire', 9500, '2014-11-07 13:44:56', '2014-11-14', '', 0, 0, '', '', '', '', 'orangemoney', 225, 225, 0),
('JGT8v', 'hukhu', 'uhuih@qsddsq.sdq', 7878, 7687, 'KJJK', NULL, '0', 'cotedivoire', 167000, '2014-10-06 17:32:47', '2014-10-13', '', 0, 0, '', '', '', '', 'orangemoney', 59724963, 2147483647, 0),
('jKra8', 'k,lkl', 'lkjfd@f.sfd', 8778978, 789898787, 'KLKLKJKLJK', NULL, '0', 'cotedivoire', 56000, '2014-10-05 23:36:55', '2014-10-13', '', 0, 0, '', '', '', '', 'mtnmoney', 54059894, 22576, 0),
('JkzEv', 'kgh', 'ghj@dqsqds.QSd', 98890, 89089089, 'KL', 'KJLKJL', 'LIJJLK', 'cotedivoire', 9500, '2014-11-07 13:47:41', '2014-11-14', '', 0, 0, '', '', '', '', 'orangemoney', 225, 225, 0),
('jmJoE', 'jhkhk', 'HHjhhk@dfssdf.df', 877789789, 879789789, 'JHJH', 'JH', 'KJJH', 'cotedivoire', 85500, '2014-11-07 11:36:36', '2014-11-14', '', 0, 0, '', '', '', '', 'orangemoney', 225, 225, 0),
('JQhIx', 'rrrrr', 'rrrr@rrrr.rrrr', 1111111, 0, 'ETRDHTGJHJ', NULL, '0', 'cotedivoire', 100000, '2014-11-05 16:34:27', '2014-11-12', '', 0, 0, '', '', '', '', 'orangemoney', 225, 2147483647, 0),
('jWwh1', 'kgh', 'ghj@dqsqds.QSd', 98890, 89089089, 'KL', 'KJLKJL', 'LIJJLK', 'cotedivoire', 9500, '2014-11-07 13:21:18', '2014-11-14', '', 0, 0, '', '', '', '', 'orangemoney', 225, 225, 0),
('kasMy', 'kgh', 'ghj@dqsqds.QSd', 98890, 89089089, 'KL', 'KJLKJL', 'LIJJLK', 'cotedivoire', 9500, '2014-11-07 13:22:08', '2014-11-14', '', 0, 0, '', '', '', '', 'orangemoney', 225, 225, 0),
('kbPEC', 'jhkhk', 'HHjhhk@dfssdf.df', 877789789, 879789789, 'JHJH', 'JH', 'KJJH', 'cotedivoire', 85500, '2014-11-07 11:16:05', '2014-11-14', '', 0, 0, '', '', '', '', 'orangemoney', 225, 225, 0),
('kc7BS', 'kgh', 'ghj@dqsqds.QSd', 98890, 89089089, 'KL', 'KJLKJL', 'LIJJLK', 'cotedivoire', 9500, '2014-11-07 13:39:10', '2014-11-14', '', 0, 0, '', '', '', '', 'orangemoney', 225, 225, 0),
('KDavd', 'PPP', 'MMM@SDDS.D', 90008898, 90008898, 'HJBHJHJBBHJ', NULL, '998809', 'cotedivoire', 34500, '2014-10-04 18:39:07', '2014-10-11', '', 0, 0, '', '', '', '', 'flooz', 0, 225099008, 1),
('kQtNE', 'kgh', 'ghj@dqsqds.QSd', 98890, 89089089, 'KL', 'KJLKJL', 'LIJJLK', 'cotedivoire', 9500, '2014-11-07 13:40:43', '2014-11-14', '', 0, 0, '', '', '', '', 'orangemoney', 225, 225, 0),
('KQXaX', 'kgh', 'ghj@dqsqds.QSd', 98890, 89089089, 'KL', 'KJLKJL', 'LIJJLK', 'cotedivoire', 9500, '2014-11-07 13:25:15', '2014-11-14', '', 0, 0, '', '', '', '', 'orangemoney', 225, 225, 0),
('KVd7o', 'jhkhk', 'HHjhhk@dfssdf.df', 877789789, 879789789, 'JHJH', 'JH', 'KJJH', 'cotedivoire', 85500, '2014-11-07 11:24:18', '2014-11-14', '', 0, 0, '', '', '', '', 'orangemoney', 225, 225, 0),
('kwr0b', 'kgh', 'ghj@dqsqds.QSd', 98890, 89089089, 'KL', 'KJLKJL', 'LIJJLK', 'cotedivoire', 9500, '2014-11-07 13:40:24', '2014-11-14', '', 0, 0, '', '', '', '', 'orangemoney', 225, 225, 0),
('KYlQa', 'hhh', 'hhh@hhh.hhh', 998980890, 998980890, 'HJBBHBHJBHJ', NULL, '889', 'cotedivoire', 46500, '2014-10-04 19:31:02', '2014-10-11', '', 0, 0, '', '', '', '', 'flooz', 0, 225112211, 1),
('l2X00', 'hguh', 'huuhi@sqds.dsq', 89789778, 789789987, 'JHKJHJ', NULL, '0', 'cotedivoire', 167000, '2014-10-06 16:50:10', '2014-10-13', '', 0, 0, '', '', '', '', 'orangemoney', 59724963, 2147483647, 0),
('L5SQM', 'aaa', 'ddd@SSQD.SQD', 78886, 6767667, 'GGHG', NULL, '0', 'cotedivoire', 329100, '2014-10-28 10:11:06', '2014-11-04', '', 0, 0, '', '', '', '', 'orangemoney', 59724963, 225, 0),
('lkN2J', 'kljfdq', 'ljldjf@dfs.fddf', 89787989, 87987897, 'HJKDJJNK', NULL, '0', 'cotedivoire', 56000, '2014-10-05 23:26:58', '2014-10-13', '', 0, 0, '', '', '', '', 'mtnmoney', 54059894, 225897, 0),
('LnOej', 'ghgj', 'ghghgj@dsfdfs.fs', 898879987, 0, 'HKKHJHJ', NULL, '0', 'cotedivoire', 37000, '2014-11-05 16:49:00', '2014-11-12', '', 0, 0, '', '', '', '', 'mtnmoney', 225, 2147483647, 0),
('m3Emi', 'ddvsvd', 'jkkjj@sdf.fds', 987798789, 7989789, 'KJHOIH', NULL, '0', 'cotedivoire', 2000, '2014-11-02 15:10:51', '2014-11-09', '', 0, 0, '', '', '', '', 'orangemoney', 0, 225, 0),
('mg8zE', 'YGYG', 'HJIHIU@DSDSF.DFQS', 9889787, 789798, 'JHKJH', NULL, '0', 'cotedivoire', 56000, '2014-10-06 00:03:07', '2014-10-13', '', 0, 0, '', '', '', '', 'flooz', 0, 22534, 0),
('MOVsf', 'kgh', 'ghj@dqsqds.QSd', 98890, 89089089, 'KL', 'KJLKJL', 'LIJJLK', 'cotedivoire', 9500, '2014-11-07 14:10:30', '2014-11-14', '', 0, 0, '', '', '', '', 'orangemoney', 225, 225, 0),
('MpJKl', 'kgh', 'ghj@dqsqds.QSd', 98890, 89089089, 'KL', 'KJLKJL', 'LIJJLK', 'cotedivoire', 9500, '2014-11-07 13:23:14', '2014-11-14', '', 0, 0, '', '', '', '', 'orangemoney', 225, 225, 0),
('MWojE', 'kgh', 'ghj@dqsqds.QSd', 98890, 89089089, 'KL', 'KJLKJL', 'LIJJLK', 'cotedivoire', 9500, '2014-11-07 13:22:24', '2014-11-14', '', 0, 0, '', '', '', '', 'orangemoney', 225, 225, 0),
('MZPYG', 'kgh', 'ghj@dqsqds.QSd', 98890, 89089089, 'KL', 'KJLKJL', 'LIJJLK', 'cotedivoire', 9500, '2014-11-07 13:29:15', '2014-11-14', '', 0, 0, '', '', '', '', 'orangemoney', 225, 225, 0),
('N0kIv', 'kgh', 'ghj@dqsqds.QSd', 98890, 89089089, 'KL', 'KJLKJL', 'LIJJLK', 'cotedivoire', 9500, '2014-11-07 13:37:23', '2014-11-14', '', 0, 0, '', '', '', '', 'orangemoney', 225, 225, 0),
('N2kX8', 'kgh', 'ghj@dqsqds.QSd', 98890, 89089089, 'KL', 'KJLKJL', 'LIJJLK', 'cotedivoire', 9500, '2014-11-07 14:21:38', '2014-11-14', '', 0, 0, '', '', '', '', 'orangemoney', 225, 225, 0),
('N7zb2', 'kgh', 'ghj@dqsqds.QSd', 98890, 89089089, 'KL', 'KJLKJL', 'LIJJLK', 'cotedivoire', 9500, '2014-11-07 13:58:10', '2014-11-14', '', 0, 0, '', '', '', '', 'orangemoney', 225, 225, 0),
('NcUSY', 'jesuisunporc', 'jesuisunporc@je.suis', 110022999, 1928374, 'SDVSDF', NULL, '0', 'cotedivoire', 37000, '2014-11-05 16:01:52', '2014-11-12', '', 0, 0, '', '', '', '', 'orangemoney', 225, 2147483647, 0),
('Niy2i', 'jhkhk', 'HHjhhk@dfssdf.df', 877789789, 879789789, 'JHJH', 'JH', 'KJJH', 'cotedivoire', 85500, '2014-11-07 11:48:18', '2014-11-14', '', 0, 0, '', '', '', '', 'orangemoney', 225, 225, 0),
('NSlI5', 'kgh', 'ghj@dqsqds.QSd', 98890, 89089089, 'KL', 'KJLKJL', 'LIJJLK', 'cotedivoire', 9500, '2014-11-07 13:45:40', '2014-11-14', '', 0, 0, '', '', '', '', 'orangemoney', 225, 225, 0),
('O5QkA', 'jkkhhj', 'hhkk@qdsdqs.qdsdsq', 7867877, 897798798, 'JHKKHHK', NULL, '0', 'cotedivoire', 329100, '2014-10-28 10:29:25', '2014-11-04', '', 0, 0, '', '', '', '', 'orangemoney', 59724963, 225, 0),
('o73C7', 'kgh', 'ghj@dqsqds.QSd', 98890, 89089089, 'KL', 'KJLKJL', 'LIJJLK', 'cotedivoire', 9500, '2014-11-07 13:40:20', '2014-11-14', '', 0, 0, '', '', '', '', 'orangemoney', 225, 225, 0),
('oBoQe', 'rrrrr', 'rrrr@rrrr.rrrr', 1111111, 0, 'ETRDHTGJHJ', NULL, '0', 'cotedivoire', 37000, '2014-11-05 16:10:40', '2014-11-12', '', 0, 0, '', '', '', '', 'orangemoney', 225, 2147483647, 0),
('OBpKg', 'kgh', 'ghj@dqsqds.QSd', 98890, 89089089, 'KL', 'KJLKJL', 'LIJJLK', 'cotedivoire', 9500, '2014-11-07 13:25:52', '2014-11-14', '', 0, 0, '', '', '', '', 'orangemoney', 225, 225, 0),
('OKYkB', 'DD', 'GHGH@SD.FDS', 89778, 8987, 'HJK', NULL, '0', 'cotedivoire', 56000, '2014-10-06 00:42:27', '2014-10-13', '', 0, 0, '', '', '', '', 'flooz', 0, 22567, 0),
('oNHaR', 'kgh', 'ghj@dqsqds.QSd', 98890, 89089089, 'KL', 'KJLKJL', 'LIJJLK', 'cotedivoire', 9500, '2014-11-07 14:20:26', '2014-11-14', '', 0, 0, '', '', '', '', 'orangemoney', 225, 225, 0),
('oVLTM', 'retrft', 'deegtgt@ikhujgju.hjih53535', 554, 45334, 'GTEGTH', 'TEGTEH', 'GGEGE', 'cotedivoire', 85500, '2014-11-07 10:25:05', '2014-11-14', '', 0, 0, '', '', '', '', 'mtnmoney', 225, 225, 0),
('Ox41k', 'kgh', 'ghj@dqsqds.QSd', 98890, 89089089, 'KL', 'KJLKJL', 'LIJJLK', 'cotedivoire', 9500, '2014-11-07 13:39:42', '2014-11-14', '', 0, 0, '', '', '', '', 'orangemoney', 225, 225, 0),
('paLWp', 'hg', 'hghgjh@qdsqds.dqs', 89809890, 890890, 'JKJ', 'JNKJ', 'JKLJH', 'cotedivoire', 22000, '2014-11-07 15:41:08', '2014-11-14', '', 0, 0, '', '', '', '', 'mtnmoney', 225, 225, 0),
('pfdTY', 'achi koman', 'saintmartindeporres@yayoo.fr', 0, 0, 'Abidjan cocody- 2 plateau rue des jardins', NULL, '83150', 'cotedivoire', 43500, '2014-11-01 14:55:08', '2014-11-08', '', 0, 0, '', '', '', '', 'orangemoney', 0, 2147483647, 0),
('Ph14o', 'kgh', 'ghj@dqsqds.QSd', 98890, 89089089, 'KL', 'KJLKJL', 'LIJJLK', 'cotedivoire', 9500, '2014-11-07 13:19:29', '2014-11-14', '', 0, 0, '', '', '', '', 'orangemoney', 225, 225, 0),
('Pik1E', 'KJKJHJ', 'KJHKJ@QDSDQS.SQD', 987897, 879978, 'KJHJK', NULL, '0', 'cotedivoire', 56000, '2014-10-06 00:36:29', '2014-10-13', '', 0, 0, '', '', '', '', 'mtnmoney', 54059894, 22598, 0),
('PmXHQ', 'kgh', 'ghj@dqsqds.QSd', 98890, 89089089, 'KL', 'KJLKJL', 'LIJJLK', 'cotedivoire', 9500, '2014-11-07 13:26:16', '2014-11-14', '', 0, 0, '', '', '', '', 'orangemoney', 225, 225, 0),
('pnzZR', 'jhkhk', 'HHjhhk@dfssdf.df', 877789789, 879789789, 'JHJH', 'JH', 'KJJH', 'cotedivoire', 85500, '2014-11-07 11:26:58', '2014-11-14', '', 0, 0, '', '', '', '', 'orangemoney', 225, 225, 0),
('QDcP2', 'kgh', 'ghj@dqsqds.QSd', 98890, 89089089, 'KL', 'KJLKJL', 'LIJJLK', 'cotedivoire', 9500, '2014-11-07 14:24:44', '2014-11-14', '', 0, 0, '', '', '', '', 'orangemoney', 225, 225, 0),
('QHwxY', 'uhhuk', 'uhui@dsdsq.qds', 78978987, 798789987, 'KJHHJ', 'HHUHUHU', 'HJ', 'cotedivoire', 85500, '2014-11-07 10:16:40', '2014-11-14', '', 0, 0, '', '', '', '', 'mtnmoney', 225, 225, 0),
('QROnu', 'kgh', 'ghj@dqsqds.QSd', 98890, 89089089, 'KL', 'KJLKJL', 'LIJJLK', 'cotedivoire', 9500, '2014-11-07 14:23:15', '2014-11-14', '', 0, 0, '', '', '', '', 'orangemoney', 225, 225, 0),
('r6jst', 'kgh', 'ghj@dqsqds.QSd', 98890, 89089089, 'KL', 'KJLKJL', 'LIJJLK', 'cotedivoire', 9500, '2014-11-07 13:39:55', '2014-11-14', '', 0, 0, '', '', '', '', 'orangemoney', 225, 225, 0),
('RAgu7', 'TFTFY', 'RDFTDG@HJGG.HG', 4556, 4334, 'RDDTGR', NULL, '0', 'cotedivoire', 56000, '2014-10-06 00:58:57', '2014-10-13', '', 0, 0, '', '', '', '', 'flooz', 0, 2147483647, 0),
('rH0Y2', 'jh,jyuyuj', 'yujyjuujy@ykuyi.iyi', 5464556, 4564645, 'YUYUKYKU', 'UYJYU', 'YKUYUK', 'cotedivoire', 85500, '2014-11-07 10:02:11', '2014-11-14', '', 0, 0, '', '', '', '', 'mtnmoney', 225, 2147483647, 0),
('RijCt', 'ghgj', 'ghghgj@dsfdfs.fs', 898879987, 0, 'HKKHJHJ', NULL, '0', 'cotedivoire', 37000, '2014-11-05 16:50:45', '2014-11-12', '', 0, 0, '', '', '', '', 'mtnmoney', 225, 2147483647, 0),
('rjHUk', 'kgh', 'ghj@dqsqds.QSd', 98890, 89089089, 'KL', 'KJLKJL', 'LIJJLK', 'cotedivoire', 9500, '2014-11-07 14:23:47', '2014-11-14', '', 0, 0, '', '', '', '', 'orangemoney', 225, 225, 0),
('RkFjE', 'kgh', 'ghj@dqsqds.QSd', 98890, 89089089, 'KL', 'KJLKJL', 'LIJJLK', 'cotedivoire', 9500, '2014-11-07 13:28:59', '2014-11-14', '', 0, 0, '', '', '', '', 'orangemoney', 225, 225, 0),
('RkVpO', 'jesuisunporc', 'jesuisunporc@je.suis', 110022999, 1928374, 'SDVSDF', NULL, '0', 'cotedivoire', 37000, '2014-11-05 16:01:23', '2014-11-12', '', 0, 0, '', '', '', '', 'orangemoney', 225, 2147483647, 0),
('rPYnb', 'rrrrr', 'rrrr@rrrr.rrrr', 1111111, 0, 'ETRDHTGJHJ', NULL, '0', 'cotedivoire', 100000, '2014-11-05 16:25:35', '2014-11-12', '', 0, 0, '', '', '', '', 'orangemoney', 225, 2147483647, 0),
('RyfZZ', 'JKK', 'HHJHJ@QDSDSQ.DQS', 768787, 6687, 'KHKHHK', NULL, '0', 'cotedivoire', 329100, '2014-10-28 10:13:38', '2014-11-04', '', 0, 0, '', '', '', '', 'orangemoney', 59724963, 225, 0),
('s8end', 'kgh', 'ghj@dqsqds.QSd', 98890, 89089089, 'KL', 'KJLKJL', 'LIJJLK', 'cotedivoire', 9500, '2014-11-07 14:27:15', '2014-11-14', '', 0, 0, '', '', '', '', 'orangemoney', 225, 225, 0),
('sFGWm', 'hguh', 'huuhi@sqds.dsq', 89789778, 789789987, 'JHKJHJ', NULL, '0', 'cotedivoire', 167000, '2014-10-06 16:43:20', '2014-10-13', '', 0, 0, '', '', '', '', 'orangemoney', 59724963, 2147483647, 0),
('sIvIS', 'hg', 'hghgjh@qdsqds.dqs', 89809890, 890890, 'JKJ', 'JNKJ', 'JKLJH', 'cotedivoire', 22000, '2014-11-07 15:36:27', '2014-11-14', '', 0, 0, '', '', '', '', 'mtnmoney', 225, 225, 0),
('sMx5P', 'hukhu', 'uhuih@qsddsq.sdq', 7878, 7687, 'KJJK', NULL, '0', 'cotedivoire', 167000, '2014-10-06 17:21:59', '2014-10-13', '', 0, 0, '', '', '', '', 'orangemoney', 59724963, 2147483647, 0),
('stBrL', 'JHKHH', 'JHHUH@DQSDSQ.QDSDQS', 9877878, 78798, 'HUJHHK', NULL, '0', 'cotedivoire', 56000, '2014-10-06 00:16:48', '2014-10-13', '', 0, 0, '', '', '', '', 'flooz', 0, 2254, 0),
('sVI4p', 'kgh', 'ghj@dqsqds.QSd', 98890, 89089089, 'KL', 'KJLKJL', 'LIJJLK', 'cotedivoire', 9500, '2014-11-07 13:22:54', '2014-11-14', '', 0, 0, '', '', '', '', 'orangemoney', 225, 225, 0),
('SwUyB', 'kgh', 'ghj@dqsqds.QSd', 98890, 89089089, 'KL', 'KJLKJL', 'LIJJLK', 'cotedivoire', 9500, '2014-11-07 13:37:16', '2014-11-14', '', 0, 0, '', '', '', '', 'orangemoney', 225, 225, 0),
('sYQpt', 'kjh', 'Kkh@dfsdfs.dffdq', 2147483647, 0, 'GJ', 'GJHGK', 'JHG', 'cotedivoire', 37000, '2014-11-05 17:08:18', '2014-11-12', '', 0, 0, '', '', '', '', 'orangemoney', 225, 2147483647, 0),
('t7vf1', 'kgh', 'ghj@dqsqds.QSd', 98890, 89089089, 'KL', 'KJLKJL', 'LIJJLK', 'cotedivoire', 9500, '2014-11-07 13:39:14', '2014-11-14', '', 0, 0, '', '', '', '', 'orangemoney', 225, 225, 0),
('tAVre', 'kgh', 'ghj@dqsqds.QSd', 98890, 89089089, 'KL', 'KJLKJL', 'LIJJLK', 'cotedivoire', 9500, '2014-11-07 14:10:08', '2014-11-14', '', 0, 0, '', '', '', '', 'orangemoney', 225, 225, 0),
('TLeWc', 'hjjkh', 'kh@fdsdf.sfdfds', 8987, 87987, 'HHK', NULL, '0', 'cotedivoire', 56000, '2014-10-06 00:49:23', '2014-10-13', '', 0, 0, '', '', '', '', 'flooz', 0, 2258787, 0),
('TolFF', 'kgh', 'ghj@dqsqds.QSd', 98890, 89089089, 'KL', 'KJLKJL', 'LIJJLK', 'cotedivoire', 9500, '2014-11-07 14:25:52', '2014-11-14', '', 0, 0, '', '', '', '', 'orangemoney', 225, 225, 0),
('TQYsk', 'jhkhk', 'HHjhhk@dfssdf.df', 877789789, 879789789, 'JHJH', 'JH', 'KJJH', 'cotedivoire', 85500, '2014-11-07 11:50:09', '2014-11-14', '', 0, 0, '', '', '', '', 'orangemoney', 225, 225, 0),
('tvo6Q', 'jhkhk', 'HHjhhk@dfssdf.df', 877789789, 879789789, 'JHJH', 'JH', 'KJJH', 'cotedivoire', 85500, '2014-11-07 11:23:56', '2014-11-14', '', 0, 0, '', '', '', '', 'orangemoney', 225, 225, 0),
('UDsWV', 'kdshku', 'hijhh@dsffds.DFS', 787667, 6687, 'JHHK', 'JKJ', 'JHJ', 'cotedivoire', 2500, '2014-11-11 09:50:09', '2014-11-18', '', 0, 0, '', '', '', '', 'orangemoney', 225, 225, 0),
('UklWd', 'jhkhk', 'HHjhhk@dfssdf.df', 877789789, 879789789, 'JHJH', 'JH', 'KJJH', 'cotedivoire', 85500, '2014-11-07 11:51:23', '2014-11-14', '', 0, 0, '', '', '', '', 'orangemoney', 225, 225, 0),
('Uprj0', 'HUJUI', 'HUHUI@DSDSF.SDF', 987987, 7878, '8HU8', NULL, '0', 'cotedivoire', 56000, '2014-10-06 00:29:35', '2014-10-13', '', 0, 0, '', '', '', '', 'flooz', 0, 225655, 0),
('uQgjW', 'jeusiu', 'erussi@gkj.gf', 9009089, 9009089, 'UUHHUKHKU', NULL, '9009', 'cotedivoire', 34500, '2014-10-04 18:30:56', '2014-10-11', '', 0, 0, '', '', '', '', 'orangemoney', 0, 2147483647, 1),
('URgcY', 'gjgjgy', 'huiu@dccd.dcz', 2147483647, 879879789, 'JKJ', 'JIJI', 'LKJJ', 'cotedivoire', 3000, '2014-11-07 17:23:57', '2014-11-14', '', 0, 0, '', '', '', '', 'orangemoney', 225, 225, 0),
('ut34a', 'kgh', 'ghj@dqsqds.QSd', 98890, 89089089, 'KL', 'KJLKJL', 'LIJJLK', 'cotedivoire', 9500, '2014-11-07 13:45:46', '2014-11-14', '', 0, 0, '', '', '', '', 'orangemoney', 225, 225, 0),
('Uuzjk', 'kgh', 'ghj@dqsqds.QSd', 98890, 89089089, 'KL', 'KJLKJL', 'LIJJLK', 'cotedivoire', 9500, '2014-11-07 13:39:51', '2014-11-14', '', 0, 0, '', '', '', '', 'orangemoney', 225, 225, 0),
('uVHgw', 'kgh', 'ghj@dqsqds.QSd', 98890, 89089089, 'KL', 'KJLKJL', 'LIJJLK', 'cotedivoire', 9500, '2014-11-07 14:24:15', '2014-11-14', '', 0, 0, '', '', '', '', 'orangemoney', 225, 225, 0),
('vbHTk', 'jhkhk', 'HHjhhk@dfssdf.df', 877789789, 879789789, 'JHJH', 'JH', 'KJJH', 'cotedivoire', 85500, '2014-11-07 11:20:47', '2014-11-14', '', 0, 0, '', '', '', '', 'orangemoney', 225, 225, 0),
('VbIcb', 'kpkook', 'pokpko@dfsfs.fds', 9090, 89980098, 'JIOJOI', 'JOIJOI', 'LLIJJ', 'cotedivoire', 24500, '2014-11-07 14:29:40', '2014-11-14', '', 0, 0, '', '', '', '', 'mtnmoney', 225, 225, 0),
('vfDji', 'gjgjgy', 'huiu@dccd.dcz', 2147483647, 879879789, 'JKJ', 'JIJI', 'LKJJ', 'cotedivoire', 3000, '2014-11-07 17:27:09', '2014-11-14', '', 0, 0, '', '', '', '', 'orangemoney', 225, 225, 0),
('vh36u', 'jhkhk', 'HHjhhk@dfssdf.df', 877789789, 879789789, 'JHJH', 'JH', 'KJJH', 'cotedivoire', 85500, '2014-11-07 11:54:36', '2014-11-14', '', 0, 0, '', '', '', '', 'orangemoney', 225, 225, 0),
('VHRO3', 'jjh', 'jgjg@sdf.qsd', 989089, 8909809, 'è_çèç_', NULL, '0', 'cotedivoire', 56000, '2014-10-06 00:18:25', '2014-10-13', '', 0, 0, '', '', '', '', 'flooz', 0, 2252, 0),
('vLNxu', 'HJGHG', 'GHHG@QSSQ.SQD', 90909, 78989, 'HJSJSQJSQ', NULL, '0', 'cotedivoire', 56000, '2014-10-05 23:53:48', '2014-10-13', '', 0, 0, '', '', '', '', 'mtnmoney', 54059894, 22521, 0),
('VLTb1', 'jhkhk', 'HHjhhk@dfssdf.df', 877789789, 879789789, 'JHJH', 'JH', 'KJJH', 'cotedivoire', 85500, '2014-11-07 11:47:40', '2014-11-14', '', 0, 0, '', '', '', '', 'orangemoney', 225, 225, 0),
('vRKD3', 'zzz', 'zzz@zzz.zzz', 2147483647, 2147483647, 'KJHJKLKHJN', NULL, '980809', 'cotedivoire', 46500, '2014-10-04 19:47:05', '2014-10-11', '', 0, 0, '', '', '', '', 'mtnmoney', 0, 225112230, 1),
('VTzec', 'kgh', 'ghj@dqsqds.QSd', 98890, 89089089, 'KL', 'KJLKJL', 'LIJJLK', 'cotedivoire', 9500, '2014-11-07 13:40:10', '2014-11-14', '', 0, 0, '', '', '', '', 'orangemoney', 225, 225, 0),
('w8hvV', 'kgh', 'ghj@dqsqds.QSd', 98890, 89089089, 'KL', 'KJLKJL', 'LIJJLK', 'cotedivoire', 9500, '2014-11-07 13:23:07', '2014-11-14', '', 0, 0, '', '', '', '', 'orangemoney', 225, 225, 0),
('wbioL', 'jhkhk', 'HHjhhk@dfssdf.df', 877789789, 879789789, 'JHJH', 'JH', 'KJJH', 'cotedivoire', 85500, '2014-11-07 11:37:14', '2014-11-14', '', 0, 0, '', '', '', '', 'orangemoney', 225, 225, 0),
('wGxmt', 'kgh', 'ghj@dqsqds.QSd', 98890, 89089089, 'KL', 'KJLKJL', 'LIJJLK', 'cotedivoire', 9500, '2014-11-07 13:29:08', '2014-11-14', '', 0, 0, '', '', '', '', 'orangemoney', 225, 225, 0),
('wQwfI', 'jhkhk', 'HHjhhk@dfssdf.df', 877789789, 879789789, 'JHJH', 'JH', 'KJJH', 'cotedivoire', 85500, '2014-11-07 11:21:11', '2014-11-14', '', 0, 0, '', '', '', '', 'orangemoney', 225, 225, 0),
('wSQF6', 'ddvsvd', 'jkkjj@sdf.fds', 987798789, 7989789, 'KJHOIH', NULL, '0', 'cotedivoire', 2000, '2014-11-02 15:03:14', '2014-11-09', '', 0, 0, '', '', '', '', 'orangemoney', 0, 225, 0),
('wusQS', 'gjh', 'rgf@fddf.gfgf', 897789789, 789978789, 'JKJKLJKLJKL', NULL, '0', 'cotedivoire', 24000, '2014-10-23 22:50:44', '2014-10-31', '', 0, 0, '', '', '', '', 'mtnmoney', 54059894, 2147483647, 0),
('wuyBo', 'kgh', 'ghj@dqsqds.QSd', 98890, 89089089, 'KL', 'KJLKJL', 'LIJJLK', 'cotedivoire', 9500, '2014-11-07 13:38:28', '2014-11-14', '', 0, 0, '', '', '', '', 'orangemoney', 225, 225, 0),
('wVnvm', 'kgh', 'ghj@dqsqds.QSd', 98890, 89089089, 'KL', 'KJLKJL', 'LIJJLK', 'cotedivoire', 9500, '2014-11-07 13:37:20', '2014-11-14', '', 0, 0, '', '', '', '', 'orangemoney', 225, 225, 0),
('XEISH', 'JHNKJ', 'JKKJJ@SCQSQD.SQD', 89879, 8998, 'JHKJ', NULL, '0', 'cotedivoire', 56000, '2014-10-06 00:21:19', '2014-10-13', '', 0, 0, '', '', '', '', 'flooz', 0, 2252, 0),
('XFP6l', 'jesuisunporc', 'jesuisunporc@je.suis', 110022999, 1928374, 'SDVSDF', NULL, '0', 'cotedivoire', 37000, '2014-11-05 16:00:32', '2014-11-12', '', 0, 0, '', '', '', '', 'orangemoney', 225, 2147483647, 0),
('XGDpI', 'rrrrr', 'rrrr@rrrr.rrrr', 1111111, 0, 'ETRDHTGJHJ', NULL, '0', 'cotedivoire', 100000, '2014-11-05 16:24:46', '2014-11-12', '', 0, 0, '', '', '', '', 'orangemoney', 225, 2147483647, 0),
('xhIK1', 'kgh', 'ghj@dqsqds.QSd', 98890, 89089089, 'KL', 'KJLKJL', 'LIJJLK', 'cotedivoire', 9500, '2014-11-07 13:39:37', '2014-11-14', '', 0, 0, '', '', '', '', 'orangemoney', 225, 225, 0),
('XkXIE', 'jhkhk', 'HHjhhk@dfssdf.df', 877789789, 879789789, 'JHJH', 'JH', 'KJJH', 'cotedivoire', 85500, '2014-11-07 11:49:05', '2014-11-14', '', 0, 0, '', '', '', '', 'orangemoney', 225, 225, 0),
('xswvX', 'jhkhk', 'HHjhhk@dfssdf.df', 877789789, 879789789, 'JHJH', 'JH', 'KJJH', 'cotedivoire', 85500, '2014-11-07 11:41:12', '2014-11-14', '', 0, 0, '', '', '', '', 'orangemoney', 225, 225, 0),
('Y67g0', 'rrrrr', 'rrrr@rrrr.rrrr', 1111111, 0, 'ETRDHTGJHJ', NULL, '0', 'cotedivoire', 37000, '2014-11-05 16:11:01', '2014-11-12', '', 0, 0, '', '', '', '', 'orangemoney', 225, 2147483647, 0),
('ybzVP', 'jhkhk', 'HHjhhk@dfssdf.df', 877789789, 879789789, 'JHJH', 'JH', 'KJJH', 'cotedivoire', 85500, '2014-11-07 11:31:14', '2014-11-14', '', 0, 0, '', '', '', '', 'orangemoney', 225, 225, 0),
('YGlss', 'kljjljk', 'jkljkkjl@qdsdqs.qdsdsq', 79879887, 2147483647, 'KJHKKH', NULL, '0', 'cotedivoire', 329100, '2014-10-28 10:18:57', '2014-11-04', '', 0, 0, '', '', '', '', 'mtnmoney', 54059894, 225, 0),
('YlKNr', 'kgh', 'ghj@dqsqds.QSd', 98890, 89089089, 'KL', 'KJLKJL', 'LIJJLK', 'cotedivoire', 9500, '2014-11-07 13:40:39', '2014-11-14', '', 0, 0, '', '', '', '', 'orangemoney', 225, 225, 0),
('YsjBW', 'jhkhk', 'HHjhhk@dfssdf.df', 877789789, 879789789, 'JHJH', 'JH', 'KJJH', 'cotedivoire', 85500, '2014-11-07 11:44:15', '2014-11-14', '', 0, 0, '', '', '', '', 'orangemoney', 225, 225, 0),
('yWyiU', 'kgh', 'ghj@dqsqds.QSd', 98890, 89089089, 'KL', 'KJLKJL', 'LIJJLK', 'cotedivoire', 9500, '2014-11-07 13:26:09', '2014-11-14', '', 0, 0, '', '', '', '', 'orangemoney', 225, 225, 0),
('z0Soy', 'kgh', 'ghj@dqsqds.QSd', 98890, 89089089, 'KL', 'KJLKJL', 'LIJJLK', 'cotedivoire', 9500, '2014-11-07 13:28:56', '2014-11-14', '', 0, 0, '', '', '', '', 'orangemoney', 225, 225, 0),
('ZbsnD', 'kgh', 'ghj@dqsqds.QSd', 98890, 89089089, 'KL', 'KJLKJL', 'LIJJLK', 'cotedivoire', 9500, '2014-11-07 13:38:52', '2014-11-14', '', 0, 0, '', '', '', '', 'orangemoney', 225, 225, 0),
('ZlKc8', 'rrrrr', 'rrrr@rrrr.rrrr', 1111111, 0, 'ETRDHTGJHJ', NULL, '0', 'cotedivoire', 100000, '2014-11-05 16:26:50', '2014-11-12', '', 0, 0, '', '', '', '', 'orangemoney', 225, 2147483647, 0),
('ZWPPc', 'KHUHU', 'fFYH@IIOIJ.IKJI', 4554, 433, 'ERSRS', NULL, '0', 'cotedivoire', 56000, '2014-10-06 01:08:39', '2014-10-13', '', 0, 0, '', '', '', '', 'flooz', 0, 2147483647, 0);

-- --------------------------------------------------------

--
-- Structure de la table `inscripts`
--

CREATE TABLE IF NOT EXISTS `inscripts` (
  `id_inscript` int(6) NOT NULL AUTO_INCREMENT,
  `email` varchar(100) NOT NULL,
  `news` varchar(50) NOT NULL,
  PRIMARY KEY (`id_inscript`)
) ENGINE=InnoDB  DEFAULT CHARSET=utf8 AUTO_INCREMENT=70 ;

--
-- Contenu de la table `inscripts`
--

INSERT INTO `inscripts` (`id_inscript`, `email`, `news`) VALUES
(1, 'sdqds@sdqs.ds', 'activite|meditation'),
(2, '', ''),
(3, '', ''),
(4, '', ''),
(5, '', ''),
(6, '', ''),
(7, '', ''),
(8, '', ''),
(9, '', ''),
(10, '', ''),
(11, '', ''),
(12, '', ''),
(13, '', ''),
(14, '', ''),
(15, '', ''),
(16, '', ''),
(17, '', ''),
(18, '', ''),
(19, '', ''),
(20, '', ''),
(21, '', ''),
(22, '', ''),
(23, '', ''),
(24, '', ''),
(25, '', ''),
(26, '', ''),
(27, '', ''),
(28, '', ''),
(29, '', ''),
(30, '', ''),
(31, '', ''),
(32, '', ''),
(33, '', ''),
(34, '', ''),
(35, '', ''),
(36, '', ''),
(37, '', ''),
(38, '', ''),
(39, '', ''),
(40, '', ''),
(41, 'dsqdqs@dsqds.Sqd', ''),
(42, 'dsqdqs@dsqds.Sqd', ''),
(43, 'dsqdqs@dsqds.Sqd', ''),
(44, 'dsqdqs@dsqds.Sqd', ''),
(45, 'dsqdqs@dsqds.Sqd', ''),
(46, 'dsqdqs@dsqds.Sqd', ''),
(47, 'dsqdqs@dsqds.Sqd', ''),
(48, 'dsqdqs@dsqds.Sqd', ''),
(49, 'dsqdqs@dsqds.Sqd', ''),
(50, 'dsqdqs@dsqds.Sqd', ''),
(51, 'dsqdqs@dsqds.Sqd', ''),
(52, 'dsqdqs@dsqds.Sqd', ''),
(53, 'dsqdqs@dsqds.Sqd', ''),
(54, 'dsqdqs@dsqds.Sqd', ''),
(55, 'dsqdqs@dsqds.Sqd', ''),
(56, 'dsqdqs@dsqds.Sqd', ''),
(57, 'dsqdqs@dsqds.Sqd', ''),
(58, 'dsqdqs@dsqds.Sqd', ''),
(59, 'dsqdqs@dsqds.Sqd', ''),
(60, 'dsqdqs@dsqds.Sqd', ''),
(61, 'dsqdqs@dsqds.Sqd', ''),
(62, 'qsdsqd@dqsqds.qds', ''),
(63, 'qsdsqd@dqsqds.qds', ''),
(64, 'qsdsqd@dqsqds.qds', ''),
(65, 'qsdsqd@dqsqds.qds', ''),
(66, 'qsdsqd@dqsqds.qds', ''),
(67, 'qsdsqd@dqsqds.qds', ''),
(68, 'qsdsqd@dqsqds.qds', ''),
(69, 'qsdsqd@dqsqds.qds', '');

-- --------------------------------------------------------

--
-- Structure de la table `liste`
--

CREATE TABLE IF NOT EXISTS `liste` (
  `id_liste` int(15) NOT NULL AUTO_INCREMENT,
  `id_commande` varchar(10) NOT NULL,
  `id_article` varchar(5) NOT NULL,
  `quantity` int(3) NOT NULL,
  PRIMARY KEY (`id_liste`)
) ENGINE=InnoDB  DEFAULT CHARSET=utf8;

--
-- Contenu de la table `liste`
--

INSERT INTO `liste` (`id_liste`, `id_commande`, `id_article`, `quantity`) VALUES
(1, 'uQgjW', '|210', 3),
(2, 'uQgjW', '|31', 4),
(3, 'uQgjW', '91', 2),
(4, 'KDavd', '|210', 3),
(5, 'KDavd', '|31', 4),
(6, 'KDavd', '91', 2),
(7, '5f7mF', '|210', 3),
(8, '5f7mF', '|31', 4),
(9, '5f7mF', '91', 2),
(10, 'Crscs', '|210', 3),
(11, 'Crscs', '|31', 4),
(12, 'Crscs', '91', 2),
(13, 'KYlQa', '|210', 3),
(14, 'KYlQa', '|31', 4),
(15, 'KYlQa', '91', 2),
(16, 'KYlQa', '101', 6),
(17, 'vRKD3', '|210', 3),
(18, 'vRKD3', '|31', 4),
(19, 'vRKD3', '91', 2),
(20, 'vRKD3', '101', 6),
(21, '8pgIr', '|212', 2),
(22, '8pgIr', '61', 1),
(23, '8pgIr', '62', 3),
(24, 'g47za', '|212', 2),
(25, 'g47za', '61', 1),
(26, 'g47za', '62', 3),
(27, '2Z1iZ', '|212', 2),
(28, '2Z1iZ', '61', 1),
(29, '2Z1iZ', '62', 3),
(30, 'lkN2J', '|212', 2),
(31, 'lkN2J', '61', 1),
(32, 'lkN2J', '62', 3),
(33, '4GswO', '|212', 2),
(34, '4GswO', '61', 1),
(35, '4GswO', '62', 3),
(36, 'hAL22', '|212', 2),
(37, 'hAL22', '61', 1),
(38, 'hAL22', '62', 3),
(39, 'jKra8', '|212', 2),
(40, 'jKra8', '61', 1),
(41, 'jKra8', '62', 3),
(42, 'cE3PQ', '|212', 2),
(43, 'cE3PQ', '61', 1),
(44, 'cE3PQ', '62', 3),
(45, '3ggpc', '|212', 2),
(46, '3ggpc', '61', 1),
(47, '3ggpc', '62', 3),
(48, '4bcWN', '|212', 2),
(49, '4bcWN', '61', 1),
(50, '4bcWN', '62', 3),
(51, 'vLNxu', '|212', 2),
(52, 'vLNxu', '61', 1),
(53, 'vLNxu', '62', 3),
(54, 'mg8zE', '|212', 2),
(55, 'mg8zE', '61', 1),
(56, 'mg8zE', '62', 3),
(57, '8lxT2', '|212', 2),
(58, '8lxT2', '61', 1),
(59, '8lxT2', '62', 3),
(60, 'eV4aZ', '|212', 2),
(61, 'eV4aZ', '61', 1),
(62, 'eV4aZ', '62', 3),
(63, 'H7Qcb', '|212', 2),
(64, 'H7Qcb', '61', 1),
(65, 'H7Qcb', '62', 3),
(66, 'stBrL', '|212', 2),
(67, 'stBrL', '61', 1),
(68, 'stBrL', '62', 3),
(69, 'VHRO3', '|212', 2),
(70, 'VHRO3', '61', 1),
(71, 'VHRO3', '62', 3),
(72, 'XEISH', '|212', 2),
(73, 'XEISH', '61', 1),
(74, 'XEISH', '62', 3),
(75, 'Uprj0', '|212', 2),
(76, 'Uprj0', '61', 1),
(77, 'Uprj0', '62', 3),
(78, 'Pik1E', '|212', 2),
(79, 'Pik1E', '61', 1),
(80, 'Pik1E', '62', 3),
(81, 'OKYkB', '|212', 2),
(82, 'OKYkB', '61', 1),
(83, 'OKYkB', '62', 3),
(84, 'TLeWc', '|212', 2),
(85, 'TLeWc', '61', 1),
(86, 'TLeWc', '62', 3),
(87, 'RAgu7', '|212', 2),
(88, 'RAgu7', '61', 1),
(89, 'RAgu7', '62', 3),
(90, 'ZWPPc', '|212', 2),
(91, 'ZWPPc', '61', 1),
(92, 'ZWPPc', '62', 3),
(93, '5kFF2', '|212', 2),
(94, '5kFF2', '61', 1),
(95, '5kFF2', '62', 3),
(96, 'sFGWm', '|212', 2),
(97, 'sFGWm', '61', 1),
(98, 'sFGWm', '62', 3),
(99, 'ck2cV', '|212', 2),
(100, 'ck2cV', '61', 1),
(101, 'ck2cV', '62', 3),
(102, 'Gvrlk', '|212', 2),
(103, 'Gvrlk', '61', 1),
(104, 'Gvrlk', '62', 3),
(105, 'Foisc', '|212', 2),
(106, 'Foisc', '61', 1),
(107, 'Foisc', '62', 3),
(108, '86Opu', '|212', 2),
(109, '86Opu', '61', 1),
(110, '86Opu', '62', 3),
(111, 'hTIjk', '|212', 2),
(112, 'hTIjk', '61', 1),
(113, 'hTIjk', '62', 3),
(114, 'a3G4k', '|212', 2),
(115, 'a3G4k', '61', 1),
(116, 'a3G4k', '62', 3),
(117, 'l2X00', '|212', 2),
(118, 'l2X00', '61', 1),
(119, 'l2X00', '62', 3),
(120, 'izlEy', '|212', 2),
(121, 'izlEy', '61', 1),
(122, 'izlEy', '62', 3),
(123, 'sMx5P', '|212', 2),
(124, 'sMx5P', '61', 1),
(125, 'sMx5P', '62', 3),
(126, 'A6j8w', '|212', 2),
(127, 'A6j8w', '61', 1),
(128, 'A6j8w', '62', 3),
(129, 'JGT8v', '|212', 2),
(130, 'JGT8v', '61', 1),
(131, 'JGT8v', '62', 3),
(132, 'wusQS', '|19', 2),
(133, 'L5SQM', '|141', 3),
(134, 'L5SQM', '60', 1),
(135, 'L5SQM', '57', 1),
(136, 'L5SQM', '|134', 2),
(137, 'L5SQM', '|133', 2),
(138, 'L5SQM', '84', 1),
(139, 'L5SQM', '|19', 1),
(140, 'L5SQM', '|20', 2),
(141, 'L5SQM', '|34', 1),
(142, 'L5SQM', '88', 1),
(143, 'L5SQM', '96', 2),
(144, 'L5SQM', '|167', 1),
(145, 'L5SQM', '|170', 1),
(146, 'L5SQM', '108', 1),
(147, 'L5SQM', '|7', 1),
(148, 'L5SQM', '119', 1),
(149, 'L5SQM', '|24', 2),
(150, 'L5SQM', '|30', 1),
(151, 'L5SQM', '|31', 2),
(152, 'L5SQM', '|159', 1),
(153, 'L5SQM', '61', 2),
(154, 'L5SQM', '54', 1),
(155, 'L5SQM', '|140', 1),
(156, 'L5SQM', '64', 2),
(157, 'RyfZZ', '|141', 3),
(158, 'RyfZZ', '60', 1),
(159, 'RyfZZ', '57', 1),
(160, 'RyfZZ', '|134', 2),
(161, 'RyfZZ', '|133', 2),
(162, 'RyfZZ', '84', 1),
(163, 'RyfZZ', '|19', 1),
(164, 'RyfZZ', '|20', 2),
(165, 'RyfZZ', '|34', 1),
(166, 'RyfZZ', '88', 1),
(167, 'RyfZZ', '96', 2),
(168, 'RyfZZ', '|167', 1),
(169, 'RyfZZ', '|170', 1),
(170, 'RyfZZ', '108', 1),
(171, 'RyfZZ', '|7', 1),
(172, 'RyfZZ', '119', 1),
(173, 'RyfZZ', '|24', 2),
(174, 'RyfZZ', '|30', 1),
(175, 'RyfZZ', '|31', 2),
(176, 'RyfZZ', '|159', 1),
(177, 'RyfZZ', '61', 2),
(178, 'RyfZZ', '54', 1),
(179, 'RyfZZ', '|140', 1),
(180, 'RyfZZ', '64', 2),
(181, 'YGlss', '|141', 3),
(182, 'YGlss', '60', 1),
(183, 'YGlss', '57', 1),
(184, 'YGlss', '|134', 2),
(185, 'YGlss', '|133', 2),
(186, 'YGlss', '84', 1),
(187, 'YGlss', '|19', 1),
(188, 'YGlss', '|20', 2),
(189, 'YGlss', '|34', 1),
(190, 'YGlss', '88', 1),
(191, 'YGlss', '96', 2),
(192, 'YGlss', '|167', 1),
(193, 'YGlss', '|170', 1),
(194, 'YGlss', '108', 1),
(195, 'YGlss', '|7', 1),
(196, 'YGlss', '119', 1),
(197, 'YGlss', '|24', 2),
(198, 'YGlss', '|30', 1),
(199, 'YGlss', '|31', 2),
(200, 'YGlss', '|159', 1),
(201, 'YGlss', '61', 2),
(202, 'YGlss', '54', 1),
(203, 'YGlss', '|140', 1),
(204, 'YGlss', '64', 2),
(205, '3sER2', '|141', 3),
(206, '3sER2', '60', 1),
(207, '3sER2', '57', 1),
(208, '3sER2', '|134', 2),
(209, '3sER2', '|133', 2),
(210, '3sER2', '84', 1),
(211, '3sER2', '|19', 1),
(212, '3sER2', '|20', 2),
(213, '3sER2', '|34', 1),
(214, '3sER2', '88', 1),
(215, '3sER2', '96', 2),
(216, '3sER2', '|167', 1),
(217, '3sER2', '|170', 1),
(218, '3sER2', '108', 1),
(219, '3sER2', '|7', 1),
(220, '3sER2', '119', 1),
(221, '3sER2', '|24', 2),
(222, '3sER2', '|30', 1),
(223, '3sER2', '|31', 2),
(224, '3sER2', '|159', 1),
(225, '3sER2', '61', 2),
(226, '3sER2', '54', 1),
(227, '3sER2', '|140', 1),
(228, '3sER2', '64', 2),
(229, 'O5QkA', '|141', 3),
(230, 'O5QkA', '60', 1),
(231, 'O5QkA', '57', 1),
(232, 'O5QkA', '|134', 2),
(233, 'O5QkA', '|133', 2),
(234, 'O5QkA', '84', 1),
(235, 'O5QkA', '|19', 1),
(236, 'O5QkA', '|20', 2),
(237, 'O5QkA', '|34', 1),
(238, 'O5QkA', '88', 1),
(239, 'O5QkA', '96', 2),
(240, 'O5QkA', '|167', 1),
(241, 'O5QkA', '|170', 1),
(242, 'O5QkA', '108', 1),
(243, 'O5QkA', '|7', 1),
(244, 'O5QkA', '119', 1),
(245, 'O5QkA', '|24', 2),
(246, 'O5QkA', '|30', 1),
(247, 'O5QkA', '|31', 2),
(248, 'O5QkA', '|159', 1),
(249, 'O5QkA', '61', 2),
(250, 'O5QkA', '54', 1),
(251, 'O5QkA', '|140', 1),
(252, 'O5QkA', '64', 2),
(253, 'arSid', '|141', 3),
(254, 'arSid', '60', 1),
(255, 'arSid', '57', 1),
(256, 'arSid', '|134', 2),
(257, 'arSid', '|133', 2),
(258, 'arSid', '84', 1),
(259, 'arSid', '|19', 1),
(260, 'arSid', '|20', 2),
(261, 'arSid', '|34', 1),
(262, 'arSid', '88', 1),
(263, 'arSid', '96', 2),
(264, 'arSid', '|167', 1),
(265, 'arSid', '|170', 1),
(266, 'arSid', '108', 1),
(267, 'arSid', '|7', 1),
(268, 'arSid', '119', 1),
(269, 'arSid', '|24', 2),
(270, 'arSid', '|30', 1),
(271, 'arSid', '|31', 2),
(272, 'arSid', '|159', 1),
(273, 'arSid', '61', 2),
(274, 'arSid', '54', 1),
(275, 'arSid', '|140', 1),
(276, 'arSid', '64', 2),
(277, 'pfdTY', '|223', 1),
(278, 'pfdTY', '|216', 2),
(279, 'wSQF6', '59', 1),
(280, 'm3Emi', '59', 1),
(281, '8dbBy', '|220', 1),
(282, 'XFP6l', '|220', 1),
(283, 'RkVpO', '|220', 1),
(284, 'NcUSY', '|220', 1),
(285, 'ecIcz', '|220', 1),
(286, 'oBoQe', '|220', 1),
(287, 'Y67g0', '|220', 1),
(288, 'apRkn', '|220', 1),
(289, 'CSh5k', '|220', 1),
(290, '1RYKF', '|220', 1),
(291, 'XGDpI', '|220', 1),
(292, 'rPYnb', '|220', 1),
(293, 'bo2Uo', '|220', 1),
(294, 'ZlKc8', '|220', 1),
(295, 'Ix73j', '|220', 1),
(296, 'JQhIx', '|220', 1),
(297, 'AFugy', '|220', 1),
(298, 'bxwfV', '|220', 1),
(299, 'LnOej', '|220', 1),
(300, 'RijCt', '|220', 1),
(301, 'e6gDH', '|220', 1),
(302, 'FfD0l', '|220', 1),
(303, 'e27TV', '|220', 1),
(304, 'sYQpt', '|220', 1),
(305, 'BwdjS', '|220', 1),
(306, 'rH0Y2', '97', 1),
(307, 'rH0Y2', '94', 2),
(308, 'rH0Y2', '89', 1),
(309, 'rH0Y2', '62', 1),
(310, 'rH0Y2', '57', 2),
(311, 'rH0Y2', '80', 2),
(312, 'HchhU', '97', 1),
(313, 'HchhU', '94', 2),
(314, 'HchhU', '89', 1),
(315, 'HchhU', '62', 1),
(316, 'HchhU', '57', 2),
(317, 'HchhU', '80', 2),
(318, 'QHwxY', '97', 1),
(319, 'QHwxY', '94', 2),
(320, 'QHwxY', '89', 1),
(321, 'QHwxY', '62', 1),
(322, 'QHwxY', '57', 2),
(323, 'QHwxY', '80', 2),
(324, 'A6IsB', '97', 1),
(325, 'A6IsB', '94', 2),
(326, 'A6IsB', '89', 1),
(327, 'A6IsB', '62', 1),
(328, 'A6IsB', '57', 2),
(329, 'A6IsB', '80', 2),
(330, 'oVLTM', '97', 1),
(331, 'oVLTM', '94', 2),
(332, 'oVLTM', '89', 1),
(333, 'oVLTM', '62', 1),
(334, 'oVLTM', '57', 2),
(335, 'oVLTM', '80', 2),
(336, 'kbPEC', '97', 1),
(337, 'kbPEC', '94', 2),
(338, 'kbPEC', '89', 1),
(339, 'kbPEC', '62', 1),
(340, 'kbPEC', '57', 2),
(341, 'kbPEC', '80', 2),
(342, 'CfXnM', '97', 1),
(343, 'CfXnM', '94', 2),
(344, 'CfXnM', '89', 1),
(345, 'CfXnM', '62', 1),
(346, 'CfXnM', '57', 2),
(347, 'CfXnM', '80', 2),
(348, 'tvo6Q', '97', 1),
(349, 'tvo6Q', '94', 2),
(350, 'tvo6Q', '89', 1),
(351, 'tvo6Q', '62', 1),
(352, 'tvo6Q', '57', 2),
(353, 'tvo6Q', '80', 2),
(354, 'KVd7o', '97', 1),
(355, 'KVd7o', '94', 2),
(356, 'KVd7o', '89', 1),
(357, 'KVd7o', '62', 1),
(358, 'KVd7o', '57', 2),
(359, 'KVd7o', '80', 2),
(360, 'gcGnF', '97', 1),
(361, 'gcGnF', '94', 2),
(362, 'gcGnF', '89', 1),
(363, 'gcGnF', '62', 1),
(364, 'gcGnF', '57', 2),
(365, 'gcGnF', '80', 2),
(366, 'pnzZR', '97', 1),
(367, 'pnzZR', '94', 2),
(368, 'pnzZR', '89', 1),
(369, 'pnzZR', '62', 1),
(370, 'pnzZR', '57', 2),
(371, 'pnzZR', '80', 2),
(372, 'ybzVP', '97', 1),
(373, 'ybzVP', '94', 2),
(374, 'ybzVP', '89', 1),
(375, 'ybzVP', '62', 1),
(376, 'ybzVP', '57', 2),
(377, 'ybzVP', '80', 2),
(378, 'jmJoE', '97', 1),
(379, 'jmJoE', '94', 2),
(380, 'jmJoE', '89', 1),
(381, 'jmJoE', '62', 1),
(382, 'jmJoE', '57', 2),
(383, 'jmJoE', '80', 2),
(384, 'wbioL', '97', 1),
(385, 'wbioL', '94', 2),
(386, 'wbioL', '89', 1),
(387, 'wbioL', '62', 1),
(388, 'wbioL', '57', 2),
(389, 'wbioL', '80', 2),
(390, '4nvE8', '97', 1),
(391, '4nvE8', '94', 2),
(392, '4nvE8', '89', 1),
(393, '4nvE8', '62', 1),
(394, '4nvE8', '57', 2),
(395, '4nvE8', '80', 2),
(396, 'xswvX', '97', 1),
(397, 'xswvX', '94', 2),
(398, 'xswvX', '89', 1),
(399, 'xswvX', '62', 1),
(400, 'xswvX', '57', 2),
(401, 'xswvX', '80', 2),
(402, 'YsjBW', '97', 1),
(403, 'YsjBW', '94', 2),
(404, 'YsjBW', '89', 1),
(405, 'YsjBW', '62', 1),
(406, 'YsjBW', '57', 2),
(407, 'YsjBW', '80', 2),
(408, 'F7R04', '97', 1),
(409, 'F7R04', '94', 2),
(410, 'F7R04', '89', 1),
(411, 'F7R04', '62', 1),
(412, 'F7R04', '57', 2),
(413, 'F7R04', '80', 2),
(414, '5XYoF', '97', 1),
(415, '5XYoF', '94', 2),
(416, '5XYoF', '89', 1),
(417, '5XYoF', '62', 1),
(418, '5XYoF', '57', 2),
(419, '5XYoF', '80', 2),
(420, 'ejbDh', '97', 1),
(421, 'ejbDh', '94', 2),
(422, 'ejbDh', '89', 1),
(423, 'ejbDh', '62', 1),
(424, 'ejbDh', '57', 2),
(425, 'ejbDh', '80', 2),
(426, 'VLTb1', '97', 1),
(427, 'VLTb1', '94', 2),
(428, 'VLTb1', '89', 1),
(429, 'VLTb1', '62', 1),
(430, 'VLTb1', '57', 2),
(431, 'VLTb1', '80', 2),
(432, 'Niy2i', '97', 1),
(433, 'Niy2i', '94', 2),
(434, 'Niy2i', '89', 1),
(435, 'Niy2i', '62', 1),
(436, 'Niy2i', '57', 2),
(437, 'Niy2i', '80', 2),
(438, 'XkXIE', '97', 1),
(439, 'XkXIE', '94', 2),
(440, 'XkXIE', '89', 1),
(441, 'XkXIE', '62', 1),
(442, 'XkXIE', '57', 2),
(443, 'XkXIE', '80', 2),
(444, 'TQYsk', '97', 1),
(445, 'TQYsk', '94', 2),
(446, 'TQYsk', '89', 1),
(447, 'TQYsk', '62', 1),
(448, 'TQYsk', '57', 2),
(449, 'TQYsk', '80', 2),
(450, 'UklWd', '97', 1),
(451, 'UklWd', '94', 2),
(452, 'UklWd', '89', 1),
(453, 'UklWd', '62', 1),
(454, 'UklWd', '57', 2),
(455, 'UklWd', '80', 2),
(456, 'vh36u', '97', 1),
(457, 'vh36u', '94', 2),
(458, 'vh36u', '89', 1),
(459, 'vh36u', '62', 1),
(460, 'vh36u', '57', 2),
(461, 'vh36u', '80', 2),
(462, 'AsScf', '97', 1),
(463, 'AsScf', '94', 2),
(464, 'AsScf', '89', 1),
(465, 'AsScf', '62', 1),
(466, 'AsScf', '57', 2),
(467, 'AsScf', '80', 2),
(468, 'GvJGi', '97', 1),
(469, 'GvJGi', '94', 2),
(470, 'GvJGi', '89', 1),
(471, 'GvJGi', '62', 1),
(472, 'GvJGi', '57', 2),
(473, 'GvJGi', '80', 2),
(474, '6Q7DT', '97', 1),
(475, '6Q7DT', '94', 2),
(476, '6Q7DT', '89', 1),
(477, '6Q7DT', '62', 1),
(478, '6Q7DT', '57', 2),
(479, '6Q7DT', '80', 2),
(480, '4MvMB', '51', 1),
(481, 'Ph14o', '51', 1),
(482, 'J1zVK', '51', 1),
(483, 'jWwh1', '51', 1),
(484, 'kasMy', '51', 1),
(485, 'bjTHu', '51', 1),
(486, 'sVI4p', '51', 1),
(487, 'iA3bk', '51', 1),
(488, 'MpJKl', '51', 1),
(489, 'H7s5H', '51', 1),
(490, '0W7zR', '51', 1),
(491, 'KQXaX', '51', 1),
(492, '5wsPF', '51', 1),
(493, 'OBpKg', '51', 1),
(494, 'f6QIk', '51', 1),
(495, 'yWyiU', '51', 1),
(496, 'PmXHQ', '51', 1),
(497, '7T1Xk', '51', 1),
(498, 'z0Soy', '51', 1),
(499, 'RkFjE', '51', 1),
(500, 'wGxmt', '51', 1),
(501, 'MZPYG', '51', 1),
(502, 'ERroQ', '51', 1),
(503, 'SwUyB', '51', 1),
(504, 'wVnvm', '51', 1),
(505, 'N0kIv', '51', 1),
(506, 'wuyBo', '51', 1),
(507, 'GiVDP', '51', 1),
(508, 'IyWmG', '51', 1),
(509, 'ZbsnD', '51', 1),
(510, 'kc7BS', '51', 1),
(511, 't7vf1', '51', 1),
(512, 'Cmde1', '51', 1),
(513, 'DXvsx', '51', 1),
(514, 'xhIK1', '51', 1),
(515, 'Ox41k', '51', 1),
(516, 'Uuzjk', '51', 1),
(517, 'r6jst', '51', 1),
(518, '6cAIw', '51', 1),
(519, 'CwAN3', '51', 1),
(520, 'VTzec', '51', 1),
(521, '6Tl6c', '51', 1),
(522, 'o73C7', '51', 1),
(523, 'kwr0b', '51', 1),
(524, 'YlKNr', '51', 1),
(525, 'kQtNE', '51', 1),
(526, 'JbEL5', '51', 1),
(527, 'iuvYd', '51', 1),
(528, 'NSlI5', '51', 1),
(529, 'ut34a', '51', 1),
(530, 'JkzEv', '51', 1),
(531, 'bN2ry', '51', 1),
(532, 'N7zb2', '51', 1),
(533, 'ijCRt', '51', 1),
(534, 'MOVsf', '51', 1),
(535, 'hDZ7D', '51', 1),
(536, 'oNHaR', '51', 1),
(537, 'N2kX8', '51', 1),
(538, 'B7w8G', '51', 1),
(539, '4derV', '51', 1),
(540, 'QROnu', '51', 1),
(541, 'rjHUk', '51', 1),
(542, 'uVHgw', '51', 1),
(543, 'VbIcb', '51', 3),
(544, '6Q61B', '97', 1),
(545, '6Q61B', '94', 2),
(546, '6Q61B', '89', 1),
(547, '6Q61B', '62', 1),
(548, '6Q61B', '57', 2),
(549, '6Q61B', '80', 2),
(550, 'sIvIS', '52', 1),
(551, 'URgcY', '100', 1),
(552, 'UDsWV', '65', 1);

-- --------------------------------------------------------

--
-- Structure de la table `menu`
--

CREATE TABLE IF NOT EXISTS `menu` (
  `id` int(1) NOT NULL AUTO_INCREMENT,
  `user_name` varchar(40) NOT NULL,
  `img` varchar(100) NOT NULL DEFAULT '<img src=""alt="" title=""/>',
  `fr` varchar(100) NOT NULL,
  `en` varchar(100) NOT NULL,
  `es` varchar(100) NOT NULL,
  `title` varchar(50) DEFAULT NULL,
  `keywords` varchar(300) DEFAULT NULL,
  `keywords-1` varchar(300) DEFAULT NULL,
  `keywords-2` varchar(300) DEFAULT NULL,
  PRIMARY KEY (`id`)
) ENGINE=InnoDB  DEFAULT CHARSET=utf8;

--
-- Contenu de la table `menu`
--

INSERT INTO `menu` (`id`, `user_name`, `img`, `fr`, `en`, `es`, `title`, `keywords`, `keywords-1`, `keywords-2`) VALUES
(1, 'objectifs', '<img src=""alt="" title=""/>', 'Objectifs', '', '', '', 'vente objet piété, retraite spirituelle, louer espace prière, prière, ecommerce chrétien catholique, ecommerce religieux, vente en ligne objets religieux, librairie religieuse abidjan cocody 2plateaux, librairie catholique, jésus christ, Dieu, Jésus christ, virege Marie, saint-esprit, foi', NULL, NULL),
(2, 'vente', '<img src=""alt="" title=""/>', 'Vente en ligne', '', '', '', 'vente en ligne, ecommerce religieux, vente-en-ligne objet piété, vente-en-ligne publications catholique, vente-en-ligne évangile révélé maria valtorta, vente-en-ligne bible, louer espace prière, prière, saint-esprit, Dieu, Jésus christ, sainte vierge Marie, foi', 'vente en ligne catholique, ecommerce religieux, vente-en-ligne publications chrétienne, vente-en-ligne bibles, vente-en-ligne publications catholique, évangile révélé maria valtorta, bible, bible enfant, prière, saint-esprit, Dieu, Jésus christ, sainte vierge Marie, foi', 'vente en ligne catholique, ecommerce religieux, vente-en-ligne publications chrétienne, vente-en-ligne icône religieuse, vente-en-ligne statue religieuse, vente-en-ligne chapelets, vente-en-ligne croix religieuse, crucifix, saint-esprit, Dieu, Jésus christ, sainte vierge Marie, sainte, foi'),
(3, 'enseignements', '<img src=""alt="" title=""/>', 'Enseignements', '', '', 'Découvrez des enseignements spirituels', 'sanctuaire rosaire, fraternité prière, librairie puissance divine, ecommerce chrétien catholique, retraite spirituelle, louer espace prière, prière, jésus christ, Dieu, Jésus christ, virege Marie, saint-esprit, foi', 'fraternité prière, vente en ligne, vente-en-ligne objet piété, vente-en-ligne publications catholique, évangile révélé maria valtorta, vente bible, louer espace prière, prière au saint-esprit, veillé 1000 ave, prière, Dieu, Jésus christ, sainte vierge Marie, saint-esprit, foi', 'sanctuaire rosaire, retraite spirituelle, retraite grégorienne, retraite au saint-esprit, séminaire, conférence, saint martin de porrès, fille-mère rue, activités caritatives, prière, Dieu, Jésus christ, sainte vierge Marie, saint-esprit, foi'),
(4, 'priere', '<img src=""alt="" title=""/>', 'Retraites et Prières', '', '', '', 'retraite spirituelle, retraite spirituelle grégorienne, retraite spirituelle au saint-esprit, prière à esprit-saint, prière, sanctuaire du rosaire, prière du rosaire, location espace prière, librairie religieuse, ecommerce chrétien catholique, Dieu, Jésus christ, vierge Marie, saint-esprit, foi', NULL, NULL),
(5, 'lieux-activites', '<img src=""alt="" title=""/>', 'Lieux et Activités', '', '', '', 'sanctuaire rosaire, fraternité prière, librairie puissance divine, ecommerce chrétien catholique, retraite spirituelle, louer espace prière, prière, jésus christ, Dieu, Jésus christ, virege Marie, saint-esprit, foi', 'fraternité prière, vente en ligne, vente-en-ligne objet piété, vente-en-ligne publications catholique, évangile révélé maria valtorta, vente bible, louer espace prière, prière au saint-esprit, veillé 1000 ave, prière, Dieu, Jésus christ, sainte vierge Marie, saint-esprit, foi', 'sanctuaire rosaire, retraite spirituelle, retraite grégorienne, retraite au saint-esprit, séminaire, conférence, saint martin de porrès, fille-mère rue, activités caritatives, prière, Dieu, Jésus christ, sainte vierge Marie, saint-esprit, foi');

-- --------------------------------------------------------

--
-- Structure de la table `options_article`
--

CREATE TABLE IF NOT EXISTS `options_article` (
  `id` int(11) NOT NULL AUTO_INCREMENT,
  `img_article` varchar(150) NOT NULL,
  `stock` varchar(6) NOT NULL DEFAULT '1',
  `vendus` int(5) NOT NULL DEFAULT '0',
  `coloris` varchar(20) DEFAULT NULL,
  `couverture` int(4) DEFAULT NULL,
  `taille_` varchar(50) DEFAULT NULL,
  `opt_nom` varchar(50) DEFAULT NULL,
  `opt_prix` int(5) DEFAULT NULL,
  `autre` varchar(50) DEFAULT NULL,
  `opt_img` varchar(500) DEFAULT NULL,
  PRIMARY KEY (`id`)
) ENGINE=InnoDB  DEFAULT CHARSET=utf8 AUTO_INCREMENT=239 ;

--
-- Contenu de la table `options_article`
--

INSERT INTO `options_article` (`id`, `img_article`, `stock`, `vendus`, `coloris`, `couverture`, `taille_`, `opt_nom`, `opt_prix`, `autre`, `opt_img`) VALUES
(1, 'croix-posee-st-benoit', '2', 0, NULL, NULL, '8cm/4cm', NULL, 3500, '', ''),
(2, 'croix-posee-st-benoit', '2', 0, NULL, NULL, '12cm/5cm', NULL, 7000, '', ''),
(3, 'croix-posee-st-benoit', '2', 0, NULL, NULL, '20cm/9.5cm', NULL, 20000, '', ''),
(4, 'croix-st-benoit', '2', 0, NULL, NULL, '8cm/4cm', NULL, 3000, '', ''),
(5, 'croix-st-benoit', '2', 0, NULL, NULL, '12cm/5cm', NULL, 4500, '', ''),
(6, 'croix-st-benoit', '2', 0, NULL, NULL, '20cm/9.5cm', NULL, 20000, '', ''),
(7, 'croix-st-benoit', '2', 0, NULL, NULL, '29cm/15cm', NULL, 30000, '', ''),
(8, 'croix-posee-st-benoit-bleu', '2', 0, 'bleu', NULL, NULL, NULL, NULL, '', ''),
(9, 'croix-posee-st-benoit-bleu', '2', 0, 'rouge', NULL, NULL, NULL, NULL, NULL, ''),
(10, 'st-benoit-beige', '2', 0, 'beige', NULL, NULL, NULL, NULL, '', ''),
(11, 'st-benoit-beige', '2', 0, 'doree', NULL, NULL, NULL, NULL, '', ''),
(12, 'st-benoit-beige', '2', 0, 'noire', NULL, NULL, NULL, NULL, '', ''),
(13, 'st-benoit-petit-beige', '2', 0, 'beige', NULL, NULL, NULL, NULL, '', ''),
(14, 'st-benoit-petit-beige', '2', 0, 'bleu', NULL, NULL, NULL, NULL, '', ''),
(15, 'st-benoit-petit-beige', '2', 0, 'verte', NULL, NULL, NULL, NULL, '', ''),
(16, 'st-benoit-petit-beige', '2', 0, 'doree', NULL, NULL, NULL, NULL, '', ''),
(17, 'notre-dame-de-toutes-graces', '0', 0, NULL, NULL, '5cm/10cm', NULL, 1500, '', ''),
(18, 'notre-dame-de-toutes-graces', '2', 0, NULL, NULL, '20cm/25cm', NULL, 4500, '', ''),
(19, 'notre-dame-de-toutes-graces', '2', 0, NULL, NULL, '30cm/40cm', NULL, 12000, '', ''),
(20, 'notre-dame-de-toutes-graces', '2', 0, NULL, NULL, '50cm/70cm', NULL, 20000, '', ''),
(21, 'notre-dame-lourdes', '2', 0, NULL, NULL, '20cm/25cm', NULL, NULL, '', ''),
(22, 'notre-dame-de-medjugorje', '0', 0, NULL, NULL, '5cm/10cm', NULL, NULL, '', ''),
(23, 'notre-dame-de-medjugorje', '2', 0, NULL, NULL, '20cm/25cm', NULL, NULL, '', ''),
(24, 'notre-dame-de-medjugorje', '2', 0, NULL, NULL, '30cm/40cm', NULL, NULL, '', ''),
(25, 'notre-dame-de-medjugorje', '2', 0, NULL, NULL, '50cm/70cm', NULL, NULL, '', ''),
(26, 'notre-dame-de-garabandal', '2', 0, NULL, NULL, '20cm/25cm', NULL, NULL, '', ''),
(27, 'notre-dame-de-la-compassion', '2', 0, NULL, NULL, '20cm/25cm', NULL, NULL, '', ''),
(28, 'notre-dame-de-la-compassion', '2', 0, NULL, NULL, '50cm/70cm', NULL, NULL, '', ''),
(29, 'notre-dame-de-la-guadeloupe', '0', 0, NULL, NULL, '5cm/10cm', NULL, NULL, '', ''),
(30, 'notre-dame-de-la-guadeloupe', '2', 0, NULL, NULL, '30cm/40cm', NULL, NULL, '', ''),
(31, 'notre-dame-de-la-guadeloupe', '2', 0, NULL, NULL, '50cm/70cm', NULL, NULL, '', ''),
(32, 'notre-dame-de-la-tendresse', '0', 0, NULL, NULL, '5cm/10cm', NULL, NULL, '', ''),
(33, 'notre-dame-de-la-tendresse', '2', 0, NULL, NULL, '50cm/70cm', NULL, NULL, '', ''),
(34, 'notre-dame-de-la-tendresse-1', '0', 0, NULL, NULL, '5cm/10cm', NULL, 2000, '', ''),
(35, 'notre-dame-de-la-tendresse-1', '2', 0, NULL, NULL, '50cm/70cm', NULL, 23000, '', ''),
(36, 'notre-dame-du-perpetuel-secours', '0', 0, NULL, NULL, '5cm/10cm', NULL, NULL, '', ''),
(37, 'notre-dame-du-perpetuel-secours', '2', 0, NULL, NULL, '20cm/25cm', NULL, NULL, '', ''),
(38, 'notre-dame-du-perpetuel-secours', '2', 0, NULL, NULL, '30cm/40cm', NULL, NULL, '', ''),
(39, 'notre-dame-du-perpetuel-secours', '2', 0, NULL, NULL, '50cm/70cm', NULL, NULL, '', ''),
(40, 'notre-dame-du-perpetuel-secours-dore', '2', 0, NULL, NULL, '50cm/70cm', NULL, 23000, '', ''),
(41, 'la-vierge-et-enfant', '2', 0, NULL, NULL, '30cm/40cm', NULL, NULL, '', ''),
(42, 'la-vierge-noire-et-enfant', '2', 0, NULL, NULL, '30cm/40cm', NULL, NULL, '', ''),
(43, 'la-vierge-noire-et-enfant', '2', 0, NULL, NULL, '50cm/70cm', NULL, NULL, '', ''),
(44, 'notre-dame-fatima', '2', 0, NULL, NULL, '20cm/25cm', NULL, NULL, '', ''),
(45, 'notre-dame-du-bon-conseil', '2', 0, NULL, NULL, '20cm/25cm', NULL, NULL, '', ''),
(46, 'notre-dame-du-bon-conseil', '2', 0, NULL, NULL, '30cm/40cm', NULL, NULL, '', ''),
(47, 'coeur-sacre-de-jesus', '0', 0, NULL, NULL, '5cm/10cm', NULL, NULL, '', ''),
(48, 'coeur-sacre-de-jesus', '2', 0, NULL, NULL, '20cm/25cm', NULL, NULL, '', ''),
(49, 'coeur-sacre-de-jesus', '2', 0, NULL, NULL, '30cm/40cm', NULL, NULL, '', ''),
(50, 'coeur-sacre-de-jesus', '2', 0, NULL, NULL, '50cm/70cm', NULL, NULL, '', ''),
(51, 'coeur-sacre-de-jesus-1', '0', 0, NULL, NULL, '5cm/10cm', NULL, NULL, '', ''),
(52, 'coeur-sacre-de-jesus-1', '2', 0, NULL, NULL, '30cm/40cm', NULL, NULL, '', ''),
(53, 'coeur-sacre-de-jesus-1', '2', 0, NULL, NULL, '50cm/70cm', NULL, NULL, '', ''),
(54, 'coeur-sacre-de-jesus-2', '0', 0, NULL, NULL, '5cm/10cm', NULL, NULL, '', ''),
(55, 'coeur-sacre-de-jesus-2', '2', 0, NULL, NULL, '20cm/25cm', NULL, NULL, '', ''),
(56, 'coeur-sacre-de-jesus-2', '2', 0, NULL, NULL, '30cm/40cm', NULL, NULL, '', ''),
(57, 'coeur-sacre-de-jesus-2', '2', 0, NULL, NULL, '50cm/70cm', NULL, NULL, '', ''),
(58, 'jesus-en-meditation', '0', 0, NULL, NULL, '5cm/10cm', NULL, NULL, '', ''),
(59, 'jesus-en-meditation', '2', 0, NULL, NULL, '20cm/25cm', NULL, NULL, '', ''),
(60, 'jesus-en-meditation', '2', 0, NULL, NULL, '30cm/40cm', NULL, NULL, '', ''),
(61, 'jesus-en-meditation', '2', 0, NULL, NULL, '50cm/70cm', NULL, NULL, '', ''),
(62, 'jesus-ressuscite', '2', 0, NULL, NULL, '50cm/70cm', NULL, NULL, '', ''),
(63, 'jesus-misericordieux', '0', 0, NULL, NULL, '5cm/10cm', NULL, NULL, '', ''),
(64, 'jesus-misericordieux', '2', 0, NULL, NULL, '20cm/25cm', NULL, NULL, '', ''),
(65, 'jesus-misericordieux', '2', 0, NULL, NULL, '30cm/40cm', NULL, NULL, '', ''),
(66, 'jesus-misericordieux', '2', 0, NULL, NULL, '50cm/70cm', NULL, NULL, '', ''),
(67, 'visage-jesus-misericordieux', '0', 0, NULL, NULL, '5cm/10cm', NULL, NULL, '', ''),
(68, 'visage-jesus-misericordieux', '2', 0, NULL, NULL, '20cm/25cm', NULL, NULL, '', ''),
(69, 'visage-jesus-misericordieux', '2', 0, NULL, NULL, '30cm/40cm', NULL, NULL, '', ''),
(70, 'visage-jesus-misericordieux', '2', 0, NULL, NULL, '50cm/70cm', NULL, NULL, '', ''),
(71, 'jesus-crucifie', '2', 0, NULL, NULL, '20cm/25cm', NULL, NULL, '', ''),
(72, 'jesus-crucifie', '2', 0, NULL, NULL, '50cm/70cm', NULL, NULL, '', ''),
(73, 'jesus-crucifie-1', '2', 0, NULL, NULL, '20cm/25cm', NULL, NULL, '', ''),
(74, 'jesus-crucifie-2', '2', 0, NULL, NULL, '50cm/70cm', NULL, NULL, '', ''),
(75, 'jesus-enseigne', '2', 0, NULL, NULL, '20cm/25cm', NULL, NULL, '', ''),
(76, 'jesus-enseigne-1', '2', 0, NULL, NULL, '30cm/40cm', NULL, NULL, '', ''),
(77, 'jesus-enseigne-2', '2', 0, NULL, NULL, '50cm/70cm', NULL, NULL, '', ''),
(78, 'jesus-epine', '2', 0, NULL, NULL, '20cm/25cm', NULL, NULL, '', ''),
(79, 'jesus-epine', '2', 0, NULL, NULL, '30cm/40cm', NULL, NULL, '', ''),
(80, 'jesus-epine', '2', 0, NULL, NULL, '50cm/70cm', NULL, NULL, '', ''),
(81, 'jesus-eucharistie', '2', 0, NULL, NULL, '30cm/40cm', NULL, NULL, '', ''),
(82, 'sainte-face', '0', 0, NULL, NULL, '5cm/10cm', NULL, NULL, '', ''),
(83, 'sainte-face', '2', 0, NULL, NULL, '20cm/25cm', NULL, NULL, '', ''),
(84, 'sainte-face', '2', 0, NULL, NULL, '30cm/40cm', NULL, NULL, '', ''),
(85, 'sainte-face', '2', 0, NULL, NULL, '50cm/70cm', NULL, NULL, '', ''),
(86, 'saint-sacrement', '0', 0, NULL, NULL, '5cm/10cm', NULL, NULL, '', ''),
(87, 'saint-sacrement', '2', 0, NULL, NULL, '20cm/25cm', NULL, NULL, '', ''),
(88, 'saint-sacrement', '2', 0, NULL, NULL, '30cm/40cm', NULL, NULL, '', ''),
(89, 'saint-sacrement', '2', 0, NULL, NULL, '50cm/70cm', NULL, NULL, '', ''),
(90, 'sainte-famille', '2', 0, NULL, NULL, '5cm/10cm', NULL, NULL, '', ''),
(91, 'sainte-famille', '2', 0, NULL, NULL, '20cm/25cm', NULL, NULL, '', ''),
(92, 'sainte-famille-1', '2', 0, NULL, NULL, '30cm/40cm', NULL, NULL, '', ''),
(93, 'sainte-famille-2', '2', 0, NULL, NULL, '20cm/25cm', NULL, NULL, '', ''),
(94, 'sainte-cene', '2', 0, NULL, NULL, '20cm/25cm', NULL, NULL, '', ''),
(95, 'sainte-cene', '0', 0, NULL, NULL, '30cm/40cm', NULL, NULL, '', ''),
(96, 'sainte-cene', '2', 0, NULL, NULL, '50cm/70cm', NULL, NULL, '', ''),
(97, 'saint-michel-archange', '0', 0, NULL, NULL, '5cm/10cm', NULL, NULL, '', ''),
(98, 'saint-michel-archange', '2', 0, NULL, NULL, '20cm/25cm', NULL, NULL, '', ''),
(99, 'saint-michel-archange', '2', 0, NULL, NULL, '30cm/40cm', NULL, NULL, '', ''),
(100, 'saint-michel-archange', '2', 0, NULL, NULL, '50cm/70cm', NULL, NULL, '', ''),
(101, 'saint-gabriel-archange', '2', 0, NULL, NULL, '20cm/25cm', NULL, NULL, '', ''),
(102, 'sainte-trinite', '0', 0, NULL, NULL, '5cm/10cm', NULL, NULL, '', ''),
(103, 'sainte-trinite', '2', 0, NULL, NULL, '20cm/25cm', NULL, NULL, '', ''),
(104, 'sainte-trinite', '2', 0, NULL, NULL, '30cm/40cm', NULL, NULL, '', ''),
(105, 'sainte-trinite', '2', 0, NULL, NULL, '50cm/70cm', NULL, NULL, '', ''),
(106, 'saint-antoine', '0', 0, NULL, NULL, '5cm/10cm', NULL, NULL, '', ''),
(107, 'saint-antoine', '2', 0, NULL, NULL, '20cm/25cm', NULL, NULL, '', ''),
(108, 'saint-esprit', '0', 0, NULL, NULL, '5cm/10cm', NULL, NULL, '', ''),
(109, 'saint-esprit', '2', 0, NULL, NULL, '20cm/25cm', NULL, NULL, '', ''),
(110, 'saint-therese', '0', 0, NULL, NULL, '5cm/10cm', NULL, NULL, '', ''),
(111, 'saint-therese', '2', 0, NULL, NULL, '20cm/25cm', NULL, NULL, '', ''),
(112, 'saint-francois-assise', '2', 0, NULL, NULL, '20cm/25cm', NULL, NULL, '', ''),
(113, 'saint-joseph', '0', 0, NULL, NULL, '5cm/10cm', NULL, NULL, '', ''),
(114, 'saint-joseph', '2', 0, NULL, NULL, '20cm/25cm', NULL, NULL, '', ''),
(115, 'saint-joseph', '2', 0, NULL, NULL, '30cm/40cm', NULL, NULL, '', ''),
(116, 'saint-joseph', '2', 0, NULL, NULL, '50cm/70cm', NULL, NULL, '', ''),
(117, 'la-pieta', '2', 0, NULL, NULL, '30cm/40cm', NULL, NULL, '', ''),
(118, 'la-pieta', '2', 0, NULL, NULL, '50cm/70cm', NULL, NULL, '', ''),
(119, 'padre-pio', '2', 0, NULL, NULL, '20cm/25cm', NULL, NULL, '', ''),
(120, 'padre-pio', '2', 0, NULL, NULL, '30cm/40cm', NULL, NULL, '', ''),
(121, 'padre-pio', '2', 0, NULL, NULL, '50cm/70cm', NULL, NULL, '', ''),
(122, 'padre-pio-1', '2', 0, NULL, NULL, '20cm/25cm', NULL, NULL, '', ''),
(123, 'coeur-immacule', '0', 0, NULL, NULL, '5cm/10cm', NULL, NULL, '', ''),
(124, 'coeur-immacule', '2', 0, NULL, NULL, '20cm/25cm', NULL, NULL, '', ''),
(125, 'coeur-immacule', '2', 0, NULL, NULL, '30cm/40cm', NULL, NULL, '', ''),
(126, 'coeur-immacule', '2', 0, NULL, NULL, '50cm/70cm', NULL, NULL, '', ''),
(127, 'coeur-immacule-1', '2', 0, NULL, NULL, '20cm/25cm', NULL, NULL, '', ''),
(128, 'coeur-immacule-1', '2', 0, NULL, NULL, '30cm/40cm', NULL, NULL, '', ''),
(129, 'croix-de-st-francois', '2', 0, NULL, NULL, '20cm/25cm', NULL, NULL, '', ''),
(130, 'croix-de-st-francois', '2', 0, NULL, NULL, '30cm/40cm', NULL, NULL, '', ''),
(131, 'pape-francois', '2', 0, NULL, NULL, '20cm/25cm', NULL, NULL, '', ''),
(132, 'pape-francois-1', '0', 0, NULL, NULL, '5cm/10cm', NULL, NULL, '', ''),
(133, 'la-bible-des-peuples', '3', 0, NULL, 2500, NULL, NULL, NULL, '', ''),
(134, 'bible-bahoule', '3', 0, NULL, 2500, NULL, NULL, NULL, '', ''),
(135, 'bible-communaute-chretienne', '3', 0, NULL, 2000, NULL, NULL, NULL, '', ''),
(136, 'bible-de-jerusalem', '3', 0, NULL, 2500, NULL, NULL, NULL, '', ''),
(137, 'bible-francais-courant', '3', 0, NULL, 2000, NULL, NULL, NULL, '', ''),
(138, 'bible-tob', '3', 0, NULL, 2000, NULL, NULL, NULL, '', ''),
(139, 'sainte-bible', '3', 0, NULL, 1000, NULL, NULL, NULL, '', ''),
(140, 'veillez-et-priez', '3', 0, NULL, 1000, NULL, NULL, NULL, '', ''),
(141, 'evangile-explique', '5', 0, NULL, NULL, NULL, 'La vie cachée de Jésus', 1500, '1', ''),
(142, 'evangile-explique', '5', 0, NULL, NULL, NULL, 'Marie, la nouvelle Eve', 4000, '2', ''),
(143, 'evangile-explique', '5', 0, NULL, NULL, NULL, 'Saint Joseph, vie et mort', 2000, '3', ''),
(144, 'evangile-explique', '5', 0, NULL, NULL, NULL, 'La Tentation de Jésus au désert', 1500, '4', ''),
(145, 'evangile-explique', '5', 0, NULL, NULL, NULL, 'L’élection des apôtres', 4000, '5', ''),
(146, 'evangile-explique', '5', 0, NULL, NULL, NULL, 'Les 10 Commandements', 4000, '6', ''),
(147, 'evangile-explique', '5', 0, NULL, NULL, NULL, 'Foi, Espérance, Charité', 5000, '7', ''),
(148, 'evangile-explique', '5', 0, NULL, NULL, NULL, 'Le banquet de l’amour', 1000, '8', ''),
(149, 'evangile-explique', '5', 0, NULL, NULL, NULL, 'Les béatitudes', 2500, '9', ''),
(150, 'evangile-explique', '5', 0, NULL, NULL, NULL, 'Prendre soin des orphelins : un devoir chrétien', 1500, '10', ''),
(151, 'evangile-explique', '5', 0, NULL, NULL, NULL, 'Satan', 1500, '11', ''),
(152, 'evangile-explique', '5', 0, NULL, NULL, NULL, 'Judas, fils de Satan', 1500, '12', ''),
(153, 'evangile-explique', '5', 0, NULL, NULL, NULL, 'Marie Madeleine', 2000, '13', ''),
(154, 'evangile-explique', '5', 0, NULL, NULL, NULL, 'Judas, fils de Satan', 3500, '14', ''),
(155, 'evangile-explique', '5', 0, NULL, NULL, NULL, 'La Passion du Christ', 2000, '15', ''),
(156, 'evangile-explique', '5', 0, NULL, NULL, NULL, 'Crucifixion et mort du Christ', 1500, '16', ''),
(157, 'evangile-explique', '5', 0, NULL, NULL, NULL, 'La Résurrection du Christ', 2500, '17', ''),
(158, 'evangile-explique', '5', 0, NULL, NULL, NULL, 'Assomption de Marie', 1500, '18', ''),
(159, 'evangile-explique', '5', 0, NULL, NULL, NULL, 'Les 7 Sacrements de l’Eglise apostolique', 2000, '19', ''),
(160, 'evangile-explique', '5', 0, NULL, NULL, NULL, 'La Pentecôte', 1500, '20', ''),
(161, 'evangile-explique', '5', 0, NULL, NULL, NULL, 'Prédications diverses au Temple de Jérusalem', 6000, '21', ''),
(162, 'evangile-explique', '5', 0, NULL, NULL, NULL, 'Guérisons, miracles et prodiges', 2000, '22', ''),
(163, 'evangile-explique', '5', 0, NULL, NULL, NULL, 'Guérisons, miracles et prodiges', 3500, '23', ''),
(164, 'evangile-explique', '5', 0, NULL, NULL, NULL, 'Guérisons, miracles et prodiges', 7000, '24', ''),
(165, 'crucifix-bois', '10', 0, NULL, NULL, '11cm/5.5cm', NULL, 600, '', ''),
(166, 'crucifix-bois', '10', 0, NULL, NULL, '17cm/8cm', NULL, 1200, '', ''),
(167, 'crucifix-bois', '10', 0, NULL, NULL, '25cm/13cm', NULL, 2000, '', ''),
(168, 'crucifix-bois', '10', 0, NULL, NULL, '30cm/15cm', NULL, 2500, '', ''),
(169, 'crucifix-bois-posee', '10', 0, NULL, NULL, '11cm/5.5cm', NULL, 1000, '', ''),
(170, 'crucifix-bois-posee', '10', 0, NULL, NULL, '18cm/8cm', NULL, 1500, '', ''),
(171, 'crucifix-bois-posee', '10', 0, NULL, NULL, '27cm/13cm', NULL, 2500, '', ''),
(172, 'crucifix-bois-posee', '10', 0, NULL, NULL, '32cm/15cm', NULL, 3500, '', ''),
(173, 'grotte-religieuse-ciment-sainte-vierge-marie-notre-dame-toute-grace-sur-commande', '2', 0, NULL, NULL, '1m/0.5cm', NULL, 50000, '', ''),
(174, 'grotte-religieuse-ciment-sainte-vierge-marie-notre-dame-toute-grace-sur-commande', '2', 0, NULL, NULL, '1.5m/1cm', NULL, 100000, '', ''),
(175, 'grotte-religieuse-ciment-sainte-vierge-marie-notre-dame-toute-grace-sur-commande', '2', 0, NULL, NULL, '2.5m/1.5cm', NULL, 200000, '', ''),
(176, 'grotte-religieuse-ciment-sainte-vierge-marie-notre-dame-toute-grace-sur-commande', '2', 0, NULL, NULL, '2m/1cm', NULL, 175000, '', ''),
(177, 'grotte-religieuse-argile-sainte-vierge-marie-notre-dame-toute-grace-sur-commande', '2', 0, NULL, NULL, '1m/0.5cm', NULL, 30000, '', ''),
(178, 'grotte-religieuse-argile-sainte-vierge-marie-notre-dame-toute-grace-sur-commande', '2', 0, NULL, NULL, '1.5m/1cm', NULL, 70000, '', ''),
(179, 'grotte-religieuse-argile-sainte-vierge-marie-notre-dame-toute-grace-sur-commande', '2', 0, NULL, NULL, '2.5m/1.5cm', NULL, 150000, '', ''),
(180, 'grotte-religieuse-argile-sainte-vierge-marie-notre-dame-toute-grace-sur-commande', '2', 0, NULL, NULL, '2m/1cm', NULL, 125000, '', ''),
(181, 'grotte-religieuse-granite-sainte-vierge-marie-notre-dame-toute-grace-sur-commande', '2', 0, NULL, NULL, '1m/0.5cm', NULL, 0, '', ''),
(182, 'grotte-religieuse-granite-sainte-vierge-marie-notre-dame-toute-grace-sur-commande', '2', 0, NULL, NULL, '1.5m/1cm', NULL, 0, '', ''),
(183, 'grotte-religieuse-granite-sainte-vierge-marie-notre-dame-toute-grace-sur-commande', '2', 0, NULL, NULL, '2.5m/1.5cm', NULL, 0, '', ''),
(184, 'grotte-religieuse-granite-sainte-vierge-marie-notre-dame-toute-grace-sur-commande', '2', 0, NULL, NULL, '2m/1cm', NULL, 0, '', ''),
(185, 'statue-religieuse-platre-doree-sainte-vierge-marie-notre-dame-toute-grace-sur-commande', '2', 0, NULL, NULL, '105cm', NULL, 80000, '', ''),
(186, 'statue-religieuse-platre-doree-sainte-vierge-marie-notre-dame-toute-grace-sur-commande', '2', 0, NULL, NULL, '90cm', NULL, 50000, '', ''),
(187, 'statue-religieuse-platre-sainte-vierge-marie-notre-dame-toute-grace-sur-commande', '2', 0, NULL, NULL, '105cm', NULL, 80000, '', ''),
(188, 'statue-religieuse-platre-sainte-vierge-marie-notre-dame-toute-grace-sur-commande', '2', 0, NULL, NULL, '90cm', NULL, 50000, '', ''),
(189, 'statue-religieuse-platre-sainte-vierge-marie-notre-dame-toute-grace-sur-commande', '2', 0, NULL, NULL, '123cm', NULL, 100000, '', ''),
(190, 'statue-religieuse-platre-sainte-vierge-marie-notre-dame-toute-grace-sur-commande', '2', 0, NULL, NULL, '77cm', NULL, 30000, '', ''),
(191, 'statue-religieuse-platre-sainte-vierge-marie-notre-dame-toute-grace-sur-commande', '2', 0, NULL, NULL, '63cm', NULL, 25000, '', ''),
(192, 'statue-religieuse-platre-sainte-vierge-marie-notre-dame-toute-grace-sur-commande', '2', 0, NULL, NULL, '45cm', NULL, 10000, '', ''),
(193, 'statue-religieuse-ciment-sainte-vierge-marie-notre-dame-toute-grace-sur-commande', '2', 0, NULL, NULL, '105cm', NULL, 110000, '', ''),
(194, 'statue-religieuse-ciment-sainte-vierge-marie-notre-dame-toute-grace-sur-commande', '2', 0, NULL, NULL, '63cm', NULL, 30000, '', ''),
(195, 'statue-religieuse-ciment-sainte-vierge-marie-notre-dame-toute-grace-sur-commande', '2', 0, NULL, NULL, '123cm', NULL, 120000, '', ''),
(196, 'statue-religieuse-marbre-sainte-vierge-marie-notre-dame-toute-grace-sur-commande', '2', 0, NULL, NULL, '1m/0.5cm', NULL, 0, '', ''),
(197, 'statue-religieuse-marbre-sainte-vierge-marie-notre-dame-toute-grace-sur-commande', '2', 0, NULL, NULL, '1.5m/1cm', NULL, 0, '', ''),
(198, 'statue-religieuse-marbre-sainte-vierge-marie-notre-dame-toute-grace-sur-commande', '2', 0, NULL, NULL, '2.5m/1.5cm', NULL, 0, '', ''),
(199, 'statue-religieuse-marbre-sainte-vierge-marie-notre-dame-toute-grace-sur-commande', '2', 0, NULL, NULL, '2m/1cm', NULL, 0, '', ''),
(200, 'statue-religieuse-resine-colore-sainte-vierge-marie-notre-dame-toute-grace', '2', 0, NULL, NULL, '10cm', NULL, 2000, '', 'statue-religieuse-resine-colore-sainte-vierge-marie-notre-dame-toute-grace-1'),
(201, 'statue-religieuse-resine-colore-sainte-vierge-marie-notre-dame-toute-grace', '2', 0, NULL, NULL, '16cm', NULL, 3000, '', 'statue-religieuse-resine-colore-sainte-vierge-marie-notre-dame-toute-grace-2'),
(202, 'statue-religieuse-resine-colore-sainte-vierge-marie-notre-dame-toute-grace', '2', 0, NULL, NULL, '25cm', NULL, 10000, '', 'statue-religieuse-resine-colore-sainte-vierge-marie-notre-dame-toute-grace-3'),
(203, 'statue-religieuse-resine-colore-sainte-vierge-marie-notre-dame-toute-grace', '2', 0, NULL, NULL, '35cm', NULL, 15000, '', 'statue-religieuse-resine-colore-sainte-vierge-marie-notre-dame-toute-grace-4'),
(204, 'statue-religieuse-resine-lumineuse-sainte-vierge-marie-notre-dame-toute-grace', '2', 0, NULL, NULL, '10cm', NULL, 2000, '', 'statue-religieuse-resine-lumineuse-sainte-vierge-marie-notre-dame-toute-grace-1'),
(205, 'statue-religieuse-resine-lumineuse-sainte-vierge-marie-notre-dame-toute-grace', '2', 0, NULL, NULL, '16cm', NULL, 3000, '', 'statue-religieuse-resine-lumineuse-sainte-vierge-marie-notre-dame-toute-grace-2'),
(206, 'statue-religieuse-resine-lumineuse-sainte-vierge-marie-notre-dame-toute-grace', '2', 0, NULL, NULL, '25cm', NULL, 10000, '', 'statue-religieuse-resine-lumineuse-sainte-vierge-marie-notre-dame-toute-grace-3'),
(207, 'statue-religieuse-resine-lumineuse-sainte-vierge-marie-notre-dame-toute-grace', '2', 0, NULL, NULL, '35cm', NULL, 15000, '', 'statue-religieuse-resine-lumineuse-sainte-vierge-marie-notre-dame-toute-grace-4'),
(208, 'statue-religieuse-resine-colore-jesus-misericordieux', '2', 0, NULL, NULL, '19cm', NULL, 4000, '', 'statue-religieuse-resine-colore-jesus-misericordieux-1'),
(209, 'statue-religieuse-resine-lumineuse-jesus-misericordieux', '2', 0, NULL, NULL, '19cm', NULL, 4000, '', 'statue-religieuse-resine-lumineuse-jesus-misericordieux-1'),
(210, 'statue-religieuse-resine-colore-notre-dame-victoire', '2', 0, NULL, NULL, '50cm', NULL, 30000, '', ''),
(211, 'statue-religieuse-resine-colore-notre-dame-victoire', '2', 0, NULL, NULL, '65cm', NULL, 60000, '', ''),
(212, 'statue-religieuse-resine-colore-notre-dame-victoire', '2', 0, NULL, NULL, '125cm', NULL, 130000, '', ''),
(213, 'statue-religieuse-resine-lumineuse-notre-dame-victoire', '2', 0, NULL, NULL, '50cm', NULL, 30000, '', ''),
(214, 'statue-religieuse-resine-lumineuse-notre-dame-victoire', '2', 0, NULL, NULL, '65cm', NULL, 60000, '', ''),
(215, 'statue-religieuse-resine-lumineuse-notre-dame-victoire', '2', 0, NULL, NULL, '125cm', NULL, 130000, '', ''),
(216, 'statue-religieuse-platre-notre-dame-lourdes', '2', 0, NULL, NULL, '55cm', NULL, 20000, '', ''),
(217, 'statue-religieuse-platre-notre-dame-lourdes', '2', 0, NULL, NULL, '65cm', NULL, 25000, '', ''),
(218, 'statue-religieuse-platre-notre-dame-lourdes', '2', 0, NULL, NULL, '105cm', NULL, 80000, '', ''),
(219, 'statue-religieuse-polyestere-sainte-vierge-marie-notre-dame-toute-grace', '2', 0, NULL, NULL, '50cm', NULL, 25000, '', 'statue-religieuse-polyestere-sainte-vierge-marie-notre-dame-toute-grace-1'),
(220, 'statue-religieuse-polyestere-sainte-vierge-marie-notre-dame-toute-grace', '2', 0, NULL, NULL, '77cm', NULL, 40000, '', 'statue-religieuse-polyestere-sainte-vierge-marie-notre-dame-toute-grace-2'),
(221, 'statue-religieuse-resine-colore-saint-joseph', '2', 0, NULL, NULL, '15cm', NULL, 4000, '', 'statue-religieuse-resine-colore-saint-joseph-1'),
(222, 'statue-religieuse-resine-colore-saint-joseph', '2', 0, NULL, NULL, '42cm', NULL, 40000, '', 'statue-religieuse-resine-colore-saint-joseph-2'),
(223, 'statue-religieuse-resine-lumineuse-saint-joseph', '2', 0, NULL, NULL, '15cm', NULL, 4000, '', ''),
(224, 'statue-religieuse-resine-colore-padre-pio', '2', 0, NULL, NULL, '16cm', NULL, 6000, '', 'statue-religieuse-resine-colore-padre-pio-1'),
(225, 'statue-religieuse-resine-colore-padre-pio', '2', 0, NULL, NULL, '20cm', NULL, 8000, '', 'statue-religieuse-resine-colore-padre-pio-2'),
(226, 'statue-religieuse-resine-colore-padre-pio', '2', 0, NULL, NULL, '39cm', NULL, 35000, '', 'statue-religieuse-resine-colore-padre-pio-3'),
(227, 'statue-religieuse-resine-colore-saint-michel', '2', 0, NULL, NULL, '13cm', NULL, 2000, '', 'statue-religieuse-resine-colore-saint-michel-1'),
(228, 'statue-religieuse-resine-colore-saint-michel', '2', 0, NULL, NULL, '16cm', NULL, 4000, '', 'statue-religieuse-resine-colore-saint-michel-2'),
(229, 'statue-religieuse-resine-colore-saint-michel', '2', 0, NULL, NULL, '19cm', NULL, 5000, '', 'statue-religieuse-resine-colore-saint-michel-3'),
(230, 'statue-religieuse-resine-colore-saint-michel', '2', 0, NULL, NULL, '24cm', NULL, 8000, '', 'statue-religieuse-resine-colore-saint-michel-3'),
(231, 'statue-religieuse-resine-lumineuse-saint-michel', '2', 0, NULL, NULL, '13cm', NULL, 2000, '', 'statue-religieuse-resine-lumineuse-saint-michel-1'),
(232, 'statue-religieuse-resine-lumineuse-saint-michel', '2', 0, NULL, NULL, '16cm', NULL, 4000, '', 'statue-religieuse-resine-lumineuse-saint-michel-2'),
(233, 'statue-religieuse-resine-lumineuse-saint-michel', '2', 0, NULL, NULL, '19cm', NULL, 5000, '', 'statue-religieuse-resine-lumineuse-saint-michel-3'),
(234, 'statue-religieuse-resine-lumineuse-saint-michel', '2', 0, NULL, NULL, '24cm', NULL, 8000, '', 'statue-religieuse-resine-lumineuse-saint-michel-4'),
(235, 'statue-religieuse-resine-colore-coeur-sacre-jesus', '2', 0, NULL, NULL, '17cm', NULL, 3500, '', 'statue-religieuse-resine-colore-coeur-sacre-jesus-1'),
(236, 'statue-religieuse-resine-lumineuse-coeur-sacre-jesus', '2', 0, NULL, NULL, '17cm', NULL, 4000, '', 'statue-religieuse-resine-lumineuse-coeur-sacre-jesus-1'),
(237, 'statue-religieuse-resine-colore-jesus-prague', '2', 0, NULL, NULL, '17cm', NULL, 0, '', 'statue-religieuse-resine-colore-jesus-prague-1;'),
(238, 'statue-religieuse-resine-lumineuse-jesus-prague', '2', 0, NULL, NULL, '17cm', NULL, 0, '', 'statue-religieuse-resine-lumineuse-jesus-prague-1');

-- --------------------------------------------------------

--
-- Structure de la table `reservation`
--

CREATE TABLE IF NOT EXISTS `reservation` (
  `id` int(5) NOT NULL AUTO_INCREMENT,
  `id_retraite` int(3) NOT NULL,
  `username` varchar(100) NOT NULL,
  `nombre` int(2) NOT NULL,
  `nom` varchar(300) NOT NULL,
  `email` varchar(100) NOT NULL,
  `tel1` varchar(15) NOT NULL,
  `tel2` varchar(15) DEFAULT NULL,
  `adresse` varchar(150) NOT NULL,
  `pays` varchar(50) NOT NULL,
  `timestamp` timestamp NULL DEFAULT CURRENT_TIMESTAMP,
  `date1` date DEFAULT NULL,
  `date2` date DEFAULT NULL,
  `montant` int(7) DEFAULT NULL,
  `type_de_tel` varchar(50) DEFAULT NULL,
  `phone_compte` varchar(15) DEFAULT NULL,
  `phone_compte_user` varchar(15) DEFAULT NULL,
  `type_de_lig` varchar(50) DEFAULT NULL,
  `email_compte` varchar(50) DEFAULT NULL,
  `email_compte_user` varchar(50) DEFAULT NULL,
  `type_de_carte` varchar(50) DEFAULT NULL,
  `numero` int(20) DEFAULT '0',
  `secu` int(3) DEFAULT NULL,
  `nomp` varchar(50) DEFAULT NULL,
  `validation` tinyint(1) NOT NULL DEFAULT '0',
  PRIMARY KEY (`id`)
) ENGINE=InnoDB  DEFAULT CHARSET=utf8;

--
-- Contenu de la table `reservation`
--

INSERT INTO `reservation` (`id`, `id_retraite`, `username`, `nombre`, `nom`, `email`, `tel1`, `tel2`, `adresse`, `pays`, `timestamp`, `date1`, `date2`, `montant`, `type_de_tel`, `phone_compte`, `phone_compte_user`, `type_de_lig`, `email_compte`, `email_compte_user`, `type_de_carte`, `numero`, `secu`, `nomp`, `validation`) VALUES
(1, 0, '', 1, 'hghfthtf', 'fjvj@hgjg.jtfft', '2147483647', '0', 'ergfgh', 'cotedivoire', '2014-10-28 15:29:29', '0000-00-00', '0000-00-00', 30000, 'orangemoney', '8607400', '2147483647', '', '', '', '', 0, 0, '', 0),
(2, 1, '', 1, 'njnj', 'jkjkjk@sdqsqd.Sqd', '2147483647', '0', 'kkj', 'cotedivoire', '2014-10-28 15:53:00', '0000-00-00', '0000-00-00', 50000, 'orangemoney', '22508', '0', '', '', '', '', 0, 0, '', 0),
(3, 1, '', 1, 'njnj', 'jkjkjk@sdqsqd.Sqd', '2147483647', '0', 'kkj', 'cotedivoire', '2014-10-28 15:54:55', '0000-00-00', '0000-00-00', 50000, 'orangemoney', '22508', '0', '', '', '', '', 0, 0, '', 0),
(4, 1, '', 1, 'njnj', 'jkjkjk@sdqsqd.Sqd', '2147483647', '0', 'kkj', 'cotedivoire', '2014-10-28 16:00:16', '0000-00-00', '0000-00-00', 50000, 'orangemoney', '22508', '0', '', '', '', '', 0, 0, '', 0),
(5, 1, '', 1, 'njnj', 'jkjkjk@sdqsqd.Sqd', '2147483647', '0', 'kkj', 'cotedivoire', '2014-10-28 16:00:46', '0000-00-00', '0000-00-00', 50000, 'orangemoney', '22508', '0', '', '', '', '', 0, 0, '', 0),
(6, 1, '', 1, 'njnj', 'jkjkjk@sdqsqd.Sqd', '2147483647', '0', 'kkj', 'cotedivoire', '2014-10-28 16:05:05', '0000-00-00', '0000-00-00', 50000, 'orangemoney', '22508', '0', '', '', '', '', 0, 0, '', 0),
(7, 0, '', 1, 'rdcfgv', 'rdctfb@fgvh.hghfy', '2147483647', '0', 'sxdcfgv', 'cotedivoire', '2014-10-28 22:38:19', '0000-00-00', '0000-00-00', 30000, 'orangemoney', '225', '2147483647', '', '', '', '', 0, 0, '', 0),
(8, 0, '', 1, 'rdcfgv', 'rdctfb@fgvh.hghfy', '2147483647', '0', 'sxdcfgv', 'cotedivoire', '2014-10-28 22:40:33', '0000-00-00', '0000-00-00', 30000, 'orangemoney', '225', '2147483647', '', '', '', '', 0, 0, '', 0),
(9, 0, '', 1, 'rdcfgv', 'rdctfb@fgvh.hghfy', '2147483647', '0', 'sxdcfgv', 'cotedivoire', '2014-10-28 22:41:13', '0000-00-00', '0000-00-00', 30000, 'orangemoney', '225', '2147483647', '', '', '', '', 0, 0, '', 0),
(10, 1, '', 2, 'rrrrrrrr', 'rrrrrrr@rrr.rrr', '2147483647', '0', 'rrrrrrrrr', 'cotedivoire', '2014-11-05 16:15:30', '0000-00-00', '0000-00-00', 100000, 'orangemoney', '225', '2147483647', '', '', '', '', 0, 0, '', 0),
(11, 1, '', 2, 'rrrrrrrr', 'rrrrrrr@rrr.rrr', '2147483647', '0', 'rrrrrrrrr', 'cotedivoire', '2014-11-05 16:18:27', '0000-00-00', '0000-00-00', 100000, 'orangemoney', '225', '2147483647', '', '', '', '', 0, 0, '', 0),
(12, 1, '', 2, 'rrrrrrrr', 'rrrrrrr@rrr.rrr', '2147483647', '0', 'rrrrrrrrr', 'cotedivoire', '2014-11-05 16:18:32', '0000-00-00', '0000-00-00', 100000, 'orangemoney', '225', '2147483647', '', '', '', '', 0, 0, '', 0),
(13, 1, '', 2, 'rrrrrrrr', 'rrrrrrr@rrr.rrr', '2147483647', '0', 'rrrrrrrrr', 'cotedivoire', '2014-11-05 16:18:42', '0000-00-00', '0000-00-00', 100000, 'orangemoney', '225', '2147483647', '', '', '', '', 0, 0, '', 0),
(14, 1, '', 2, 'rrrrrrrr', 'rrrrrrr@rrr.rrr', '2147483647', '0', 'rrrrrrrrr', 'cotedivoire', '2014-11-05 16:20:13', '0000-00-00', '0000-00-00', 100000, 'orangemoney', '225', '2147483647', '', '', '', '', 0, 0, '', 0),
(15, 1, '', 2, 'rrrrrrrr', 'rrrrrrr@rrr.rrr', '2147483647', '0', 'rrrrrrrrr', 'cotedivoire', '2014-11-05 16:21:23', '0000-00-00', '0000-00-00', 100000, 'orangemoney', '225', '2147483647', '', '', '', '', 0, 0, '', 0),
(16, 1, '', 2, 'rrrrrrrr', 'rrrrrrr@rrr.rrr', '2147483647', '0', 'rrrrrrrrr', 'cotedivoire', '2014-11-05 16:29:54', '0000-00-00', '0000-00-00', 100000, 'orangemoney', '225', '2147483647', '', '', '', '', 0, 0, '', 0),
(17, 1, '', 2, 'rrrrrrrr', 'rrrrrrr@rrr.rrr', '2147483647', '0', 'rrrrrrrrr', 'cotedivoire', '2014-11-05 16:30:47', '0000-00-00', '0000-00-00', 100000, 'orangemoney', '225', '2147483647', '', '', '', '', 0, 0, '', 0),
(18, 1, '', 2, 'KJJKJKL', 'JLKJLK@DSQDS.SDDQS', '2147483647', '0', 'JKLJLK', 'cotedivoire', '2014-11-05 16:50:39', '0000-00-00', '0000-00-00', 100000, 'orangemoney', '225', '2147483647', '', '', '', '', 0, 0, '', 0),
(19, 0, 'location', 1, 'kjkh', 'hjh@qdssqd.qds', '2147483647', '0', 'hkhj', 'cotedivoire', '2014-11-05 17:20:53', '2014-11-06', '2014-11-21', 50000, 'mtnmoney', '225', '2147483647', '', '', '', '', 0, 0, '', 0),
(20, 0, 'location', 1, 'kjkh', 'hjh@qdssqd.qds', '2147483647', '0', 'hkhj', 'cotedivoire', '2014-11-05 17:22:35', '2014-11-06', '2014-11-21', 50000, 'mtnmoney', '225', '2147483647', '', '', '', '', 0, 0, '', 0),
(21, 0, 'location', 1, 'kjkh', 'hjh@qdssqd.qds', '2147483647', '0', 'hkhj', 'cotedivoire', '2014-11-05 17:23:09', '2014-11-06', '2014-11-21', 50000, 'mtnmoney', '225', '2147483647', '', '', '', '', 0, 0, '', 0),
(22, 0, 'location', 1, 'kjkh', 'djjdjjdjh@qdssqd.qds', '2147483647', '0', 'hkhj', 'cotedivoire', '2014-11-05 17:23:09', '2014-11-06', '2014-11-21', 50000, 'mtnmoney', '225', '2147483647', '', '', '', '', 0, 0, '', 0),
(23, 0, 'location', 1, 'kjkh', 'hjh@qdssqd.qds', '2147483647', '0', 'hkhj', 'cotedivoire', '2014-11-05 17:28:38', '2014-11-06', '2014-11-21', 50000, 'mtnmoney', '2147483647', '2147483647', '', '', '', '', 0, 0, '', 0),
(24, 0, 'location', 1, 'kjkh', 'hjh@qdssqd.qds', '2147483647', '0', 'hkhj', 'cotedivoire', '2014-11-05 17:29:10', '2014-11-06', '2014-11-21', 50000, 'mtnmoney', '2147483647', '2147483647', '', '', '', '', 0, 0, '', 0),
(25, 0, 'location', 1, 'kjkh', 'hjh@qdssqd.qds', '2147483647', '0', 'hkhj', 'cotedivoire', '2014-11-05 17:30:25', '2014-11-06', '2014-11-21', 50000, 'mtnmoney', '2147483647', '2147483647', '', '', '', '', 0, 0, '', 0),
(26, 0, 'location', 1, 'kjkh', 'hkkkkdsd@qdssqd.qds', '2147483647', '0', 'hkhj', 'cotedivoire', '2014-11-05 17:30:25', '2014-11-06', '2014-11-21', 50000, 'mtnmoney', '2147483647', '2147483647', '', '', '', '', 0, 0, '', 0),
(27, 0, 'location', 1, 'kjkh', 'hjh@qdssqd.qds', '2147483647', '0', 'hkhj', 'cotedivoire', '2014-11-05 17:33:23', '2014-11-06', '2014-11-21', 50000, 'mtnmoney', '2147483647', '2147483647', '', '', '', '', 0, 0, '', 0),
(28, 0, 'location', 1, 'kjkh', 'hjh@qdssqd.qds', '2147483647', '0', 'hkhj', 'cotedivoire', '2014-11-05 17:33:51', '2014-11-06', '2014-11-21', 50000, 'mtnmoney', '2147483647', '2147483647', '', '', '', '', 0, 0, '', 0),
(29, 0, 'location', 1, 'kjkh', 'hjh@qdssqd.qds', '2147483647', '0', 'hkhj', 'cotedivoire', '2014-11-05 17:34:36', '2014-11-06', '2014-11-21', 50000, 'mtnmoney', '214748', '2147483647', '', '', '', '', 0, 0, '', 0),
(30, 0, 'location', 1, 'kjkh', 'hjh@qdssqd.qds', '2147483647', '0', 'hkhj', 'cotedivoire', '2014-11-05 17:38:14', '2014-11-06', '2014-11-21', 50000, 'mtnmoney', '2147483647', '2147483647', '', '', '', '', 0, 0, '', 0),
(31, 0, 'location', 1, 'kjkh', 'hjh@qdssqd.qds', '2147483647', '0', 'hkhj', 'cotedivoire', '2014-11-05 17:38:30', '2014-11-06', '2014-11-21', 50000, 'mtnmoney', '2147483647', '2147483647', '', '', '', '', 0, 0, '', 0),
(32, 0, 'location', 1, 'kjkh', 'hjh@qdssqd.qds', '0022587978978', '', 'hkhj', 'cotedivoire', '2014-11-05 17:39:23', '2014-11-06', '2014-11-21', 50000, 'mtnmoney', '0022554059894', '22511111111', '', '', '', '', 0, 0, '', 0),
(33, 0, 'location', 1, 'kjkh', 'hjh@qdssqd.qds', '0022587978978', '', 'hkhj', 'cotedivoire', '2014-11-05 17:41:55', '2014-11-06', '2014-11-21', 50000, 'mtnmoney', '0022554059894', '22511111111', '', '', '', '', 0, 0, '', 0),
(34, 0, 'location', 1, 'kjkh', 'hjh@qdssqd.qds', '0022587978978', '', 'hkhj', 'cotedivoire', '2014-11-05 17:43:02', '2014-11-06', '2014-11-21', 50000, 'mtnmoney', '0022554059894', '22511111111', '', '', '', '', 0, 0, '', 0),
(35, 0, 'location', 1, 'kjkh', 'hjh@qdssqd.qds', '0022587978978', '', 'hkhj', 'cotedivoire', '2014-11-05 17:43:10', '2014-11-06', '2014-11-21', 50000, 'mtnmoney', '0022554059894', '22511111111', '', '', '', '', 0, 0, '', 0);

-- --------------------------------------------------------

--
-- Structure de la table `ret`
--

CREATE TABLE IF NOT EXISTS `ret` (
  `id` int(3) NOT NULL AUTO_INCREMENT,
  `user_name` varchar(7) NOT NULL,
  `date` date NOT NULL,
  `places` int(2) NOT NULL,
  PRIMARY KEY (`id`)
) ENGINE=InnoDB  DEFAULT CHARSET=utf8;

--
-- Contenu de la table `ret`
--

INSERT INTO `ret` (`id`, `user_name`, `date`, `places`) VALUES
(1, 'fermee', '2015-08-14', 1000),
(2, 'ouverte', '2015-11-14', 1000),
(3, 'week', '2015-11-14', 1000);

/*!40101 SET CHARACTER_SET_CLIENT=@OLD_CHARACTER_SET_CLIENT */;
/*!40101 SET CHARACTER_SET_RESULTS=@OLD_CHARACTER_SET_RESULTS */;
/*!40101 SET COLLATION_CONNECTION=@OLD_COLLATION_CONNECTION */;
